match_id,match_date,kick_off,stage,match_week,home_team_id,home_team,away_team_id,away_team,home_score,away_score,stadium,match_status,match_end_min,went_to_shootout,went_to_extra_time,period1_min,period2_min,period3_min,period4_min
3920384,2024-01-13,22:00:00.000,Group Stage,1,3374,Côte d'Ivoire,4894,Guinea-Bissau,2,0,Stade Olympique Alassane Ouattara,available,98.1926,False,False,49.2026,48.99,,
3920386,2024-01-14,14:00:00.000,Group Stage,1,775,Nigeria,4992,Equatorial Guinea,1,1,Stade Olympique Alassane Ouattara,available,100.898,False,False,49.0205,51.8775,,
3920385,2024-01-14,17:00:00.000,Group Stage,1,774,Egypt,4978,Mozambique,2,2,Stade Félix Houphouët-Boigny,available,105.494,False,False,49.0257,56.4683,,
3920387,2024-01-14,20:00:00.000,Group Stage,1,4885,Ghana,4924,Cape Verde Islands,1,2,Stade Félix Houphouët-Boigny,available,103.4207,False,False,48.9819,54.4388,,
3920388,2024-01-15,14:00:00.000,Group Stage,1,787,Senegal,4934,Gambia,3,0,Stade Charles Konan Banny de Yamoussoukro,available,104.32,False,False,53.2858,51.0342,,
3920389,2024-01-15,17:00:00.000,Group Stage,1,2722,Cameroon,4892,Guinea,1,1,Stade Charles Konan Banny de Yamoussoukro,available,102.7998,False,False,51.2526,51.5471,,
3920390,2024-01-15,20:00:00.000,Group Stage,1,4898,Algeria,4901,Angola,1,1,Stade de Bouaké,available,101.7157,False,False,49.3809,52.3348,,
3920392,2024-01-16,14:00:00.000,Group Stage,1,4921,Burkina Faso,4932,Mauritania,1,0,Stade de Bouaké,available,103.7992,False,False,49.7494,54.0498,,
3920393,2024-01-16,17:00:00.000,Group Stage,1,777,Tunisia,4980,Namibia,0,1,Stade Amadou Gon Coulibaly,available,101.0395,False,False,49.1068,51.9327,,
3920391,2024-01-16,20:00:00.000,Group Stage,1,4930,Mali,4976,South Africa,2,0,Stade Amadou Gon Coulibaly,available,97.1284,False,False,47.2652,49.8632,,
3920394,2024-01-17,17:00:00.000,Group Stage,1,788,Morocco,4953,Tanzania,3,0,Stade Laurent Pokou,available,99.5891,False,False,48.0474,51.5417,,
3920395,2024-01-17,20:00:00.000,Group Stage,1,4881,Congo DR,4963,Zambia,1,1,Stade Laurent Pokou,available,100.1276,False,False,49.0195,51.1081,,
3920397,2024-01-18,14:00:00.000,Group Stage,2,4992,Equatorial Guinea,4894,Guinea-Bissau,4,2,Stade Olympique Alassane Ouattara,available,104.3248,False,False,51.024,53.3008,,
3920398,2024-01-18,19:00:00.000,Group Stage,2,3374,Côte d'Ivoire,775,Nigeria,0,1,Stade Olympique Alassane Ouattara,available,102.4045,False,False,47.9606,54.4438,,
3920396,2024-01-18,20:00:00.000,Group Stage,2,774,Egypt,4885,Ghana,2,2,Stade Félix Houphouët-Boigny,available,102.0532,False,False,49.9274,52.1258,,
3920399,2024-01-19,14:00:00.000,Group Stage,2,4924,Cape Verde Islands,4978,Mozambique,3,0,Stade Félix Houphouët-Boigny,available,101.3473,False,False,51.1078,50.2394,,
3920400,2024-01-19,17:00:00.000,Group Stage,2,787,Senegal,2722,Cameroon,3,1,Stade Charles Konan Banny de Yamoussoukro,available,102.0929,False,False,49.0094,53.0834,,
3920401,2024-01-19,20:00:00.000,Group Stage,2,4892,Guinea,4934,Gambia,1,0,Stade Charles Konan Banny de Yamoussoukro,available,100.2552,False,False,47.1028,53.1524,,
3920402,2024-01-20,14:00:00.000,Group Stage,2,4898,Algeria,4921,Burkina Faso,2,2,Stade de Bouaké,available,105.261,False,False,51.1794,54.0816,,
3920403,2024-01-20,17:00:00.000,Group Stage,2,4932,Mauritania,4901,Angola,2,3,Stade de Bouaké,available,100.5841,False,False,49.3529,51.2313,,
3920404,2024-01-20,20:00:00.000,Group Stage,2,777,Tunisia,4930,Mali,1,1,Stade Amadou Gon Coulibaly,available,101.0587,False,False,47.9196,53.139,,
3920405,2024-01-21,14:00:00.000,Group Stage,2,788,Morocco,4881,Congo DR,1,1,Stade Laurent Pokou,available,110.2444,False,False,56.2313,54.0131,,
3920406,2024-01-21,17:00:00.000,Group Stage,2,4963,Zambia,4953,Tanzania,1,1,Stade Laurent Pokou,available,103.9672,False,False,51.5292,52.438,,
3920407,2024-01-21,20:00:00.000,Group Stage,2,4976,South Africa,4980,Namibia,4,0,Stade Amadou Gon Coulibaly,available,99.0717,False,False,49.123,49.9487,,
3920408,2024-01-22,17:00:00.000,Group Stage,3,4992,Equatorial Guinea,3374,Côte d'Ivoire,4,0,Stade Olympique Alassane Ouattara,available,102.3569,False,False,50.2432,52.1137,,
3920409,2024-01-22,17:00:00.000,Group Stage,3,4894,Guinea-Bissau,775,Nigeria,0,1,Stade Félix Houphouët-Boigny,available,99.408,False,False,49.2791,50.1289,,
3920410,2024-01-22,20:00:00.000,Group Stage,3,4978,Mozambique,4885,Ghana,2,2,Stade Olympique Alassane Ouattara,available,101.2755,False,False,50.126,51.1495,,
3920411,2024-01-22,20:00:00.000,Group Stage,3,4924,Cape Verde Islands,774,Egypt,2,2,Stade Félix Houphouët-Boigny,available,107.7481,False,False,50.0695,57.6786,,
3920412,2024-01-23,17:00:00.000,Group Stage,3,4892,Guinea,787,Senegal,0,2,Stade Charles Konan Banny de Yamoussoukro,available,101.2509,False,False,50.0616,51.1893,,
3920413,2024-01-23,17:00:00.000,Group Stage,3,4934,Gambia,2722,Cameroon,2,3,Stade de Bouaké,available,104.556,False,False,49.4616,55.0944,,
3920414,2024-01-23,20:00:00.000,Group Stage,3,4901,Angola,4921,Burkina Faso,2,0,Stade Charles Konan Banny de Yamoussoukro,available,102.9212,False,False,49.792,53.1292,,
3920415,2024-01-23,20:00:00.000,Group Stage,3,4932,Mauritania,4898,Algeria,1,0,Stade de Bouaké,available,107.1681,False,False,49.804,57.3641,,
3920416,2024-01-24,17:00:00.000,Group Stage,3,4976,South Africa,777,Tunisia,0,0,Stade Amadou Gon Coulibaly,available,97.4792,False,False,47.2707,50.2085,,
3920417,2024-01-24,17:00:00.000,Group Stage,3,4980,Namibia,4930,Mali,0,0,Stade Laurent Pokou,available,99.3259,False,False,50.1536,49.1723,,
3920418,2024-01-24,20:00:00.000,Group Stage,3,4953,Tanzania,4881,Congo DR,0,0,Stade Amadou Gon Coulibaly,available,95.2435,False,False,46.017,49.2265,,
3920419,2024-01-24,20:00:00.000,Group Stage,3,4963,Zambia,788,Morocco,0,1,Stade Laurent Pokou,available,99.8564,False,False,49.7222,50.1342,,
3922237,2024-01-27,17:00:00.000,Round of 16,4,4901,Angola,4980,Namibia,3,0,Stade de Bouaké,available,101.1758,False,False,51.0171,50.1587,,
3922238,2024-01-27,20:00:00.000,Round of 16,4,775,Nigeria,2722,Cameroon,2,0,Stade Félix Houphouët-Boigny,available,106.9076,False,False,51.1464,55.7613,,
3922239,2024-01-28,17:00:00.000,Round of 16,4,4992,Equatorial Guinea,4892,Guinea,0,1,Stade Olympique Alassane Ouattara,available,100.9398,False,False,48.0989,52.8409,,
3922240,2024-01-28,20:00:00.000,Round of 16,4,774,Egypt,4881,Congo DR,1,1,Stade Laurent Pokou,available,138.5628,True,True,51.2691,50.9502,17.4051,18.9383
3922241,2024-01-29,17:00:00.000,Round of 16,4,4924,Cape Verde Islands,4932,Mauritania,1,0,Stade Félix Houphouët-Boigny,available,102.755,False,False,46.9785,55.7765,,
3922242,2024-01-29,20:00:00.000,Round of 16,4,787,Senegal,3374,Côte d'Ivoire,1,1,Stade Charles Konan Banny de Yamoussoukro,available,135.6518,True,True,49.993,52.0424,16.3702,17.2462
3922244,2024-01-30,17:00:00.000,Round of 16,4,4930,Mali,4921,Burkina Faso,2,1,Stade Amadou Gon Coulibaly,available,103.8812,False,False,49.7122,54.169,,
3922243,2024-01-30,20:00:00.000,Round of 16,4,788,Morocco,4976,South Africa,0,2,Stade Laurent Pokou,available,106.6528,False,False,49.3042,57.3485,,
3922321,2024-02-02,17:00:00.000,Quarter-finals,5,775,Nigeria,4901,Angola,1,0,Stade Félix Houphouët-Boigny,available,101.4801,False,False,48.9253,52.5548,,
3922356,2024-02-02,20:00:00.000,Quarter-finals,5,4881,Congo DR,4892,Guinea,3,1,Stade Olympique Alassane Ouattara,available,101.1936,False,False,51.0207,50.173,,
3922659,2024-02-03,17:00:00.000,Quarter-finals,5,4930,Mali,3374,Côte d'Ivoire,1,2,Stade de Bouaké,available,138.6685,False,True,50.9862,52.3452,16.0043,19.3329
3922658,2024-02-03,20:00:00.000,Quarter-finals,5,4924,Cape Verde Islands,4976,South Africa,0,0,Stade Charles Konan Banny de Yamoussoukro,available,133.335,True,True,50.8222,50.0973,15.7384,16.6771
3922837,2024-02-07,17:00:00.000,Semi-finals,6,775,Nigeria,4976,South Africa,1,1,Stade de Bouaké,available,132.2612,True,True,47.3252,51.9976,15.8511,17.0872
3922838,2024-02-07,22:00:00.000,Semi-finals,6,3374,Côte d'Ivoire,4881,Congo DR,1,0,Stade Olympique Alassane Ouattara,available,97.9694,False,False,48.0447,49.9247,,
3923880,2024-02-10,20:00:00.000,3rd Place Final,7,4976,South Africa,4881,Congo DR,0,0,Stade Félix Houphouët-Boigny,available,97.2752,True,False,46.9634,50.3118,,
3923881,2024-02-11,20:00:00.000,Final,8,775,Nigeria,3374,Côte d'Ivoire,1,2,Stade Olympique Alassane Ouattara,available,101.7012,False,False,49.5443,52.1568,,
