player_id,player,team,primary_position,minutes,sufficient_exposure,def_actions_p90,def_actions_p90_ci_low,def_actions_p90_ci_high,pressures_p90
408457,Idrissa Gueye,Senegal,Left Defensive Midfield,4.8629,0,111.046,40.7519,241.7004,185.0767
3675,Fodé Ballo Touré,Senegal,Left Back,9.256,0,38.8938,10.5972,99.5835,19.4469
133549,Seydouba Cisse,Guinea,Left Defensive Midfield,23.806,0,26.4639,10.6399,54.5258,15.1222
108292,Larry Bwalya,Zambia,Center Attacking Midfield,3.5081,0,25.6552,0.6495,142.9414,76.9655
82783,Joslin Kamatuka,Namibia,Right Back,22.3487,0,24.1625,8.8672,52.5915,16.1083
136948,Yacouba Nasser Djiga,Burkina Faso,Right Back,15.3316,0,23.4808,6.3977,60.1203,5.8702
136115,El Hacen Houeibib,Mauritania,Right Center Back,136.1024,0,21.1605,14.4738,29.8724,9.2577
128056,Yassin Cheikh El Welly,Mauritania,Right Back,21.4599,0,20.9694,6.8087,48.9356,20.9694
315395,Bakari Camara,Mauritania,Right Midfield,21.7308,0,20.708,6.7238,48.3255,33.1327
23307,Idrissa Doumbia,Côte d'Ivoire,Center Defensive Midfield,4.3567,0,20.6581,0.523,115.0994,0.0
3226,Bassem Srarfi,Tunisia,Right Midfield,26.3217,0,20.5154,7.5288,44.6533,13.6769
125333,Petrus Shitembi,Namibia,Right Center Midfield,150.7218,0,19.7052,13.5641,27.6734,31.0506
404676,Karim Cissé,Guinea,Center Attacking Midfield,18.356,0,19.6121,5.3436,50.2149,29.4182
188885,Oumar Ngom,Mauritania,Right Center Midfield,32.4665,0,19.4046,7.8017,39.981,19.4046
225436,Abdoul Razack Guiebre,Burkina Faso,Left Back,80.9086,0,18.9102,11.0159,30.2771,14.4608
136404,Vetunuavi Charles Hambira,Namibia,Left Center Midfield,4.8556,0,18.5351,0.4693,103.271,18.5351
179524,Cuca,Cape Verde Islands,Right Defensive Midfield,44.0347,0,18.3946,8.4112,34.9187,14.3069
135851,Tó Carneiro,Angola,Left Back,304.527,0,18.3235,14.0485,23.4899,9.1617
300924,Sacha Jordan Bansé,Burkina Faso,Center Defensive Midfield,41.1815,0,17.4836,7.5482,34.4496,26.2253
88123,Bamba Dieng,Senegal,Right Center Forward,5.1962,0,17.3204,0.4385,96.5031,51.9612
12498,Omar Colley,Gambia,Left Center Back,272.8535,0,16.8222,12.5252,22.1181,7.9163
69442,Nyiko Mobbie,South Africa,Right Back,70.1574,0,16.6768,8.8797,28.5178,11.5455
21173,Laros Duarte,Cape Verde Islands,Center Attacking Midfield,33.1043,0,16.3121,5.9862,35.5045,21.7494
8759,Diadié Samassékou,Mali,Center Defensive Midfield,226.4366,0,16.296,11.6943,22.1073,17.0909
32952,Moussa Diarra,Mali,Left Back,72.3536,0,16.1706,8.6102,27.6522,12.4389
264954,Lamine Ba,Mauritania,Left Center Back,380.7733,0,16.0726,12.481,20.3758,4.9636
16025,Mohamed Aly Camara,Guinea,Left Center Back,100.8009,0,16.0713,9.5249,25.3996,3.5714
105931,Diney,Cape Verde Islands,Left Center Back,107.7481,0,15.8704,9.555,24.7835,10.8587
23957,Jean Thierry Lazare Amani,Côte d'Ivoire,Center Attacking Midfield,40.0982,0,15.7114,6.3168,32.3715,26.9338
30519,Mohamed Salisu,Ghana,Left Center Back,306.7495,0,15.5501,11.6481,20.34,6.4548
82922,Muhammed Sanneh,Gambia,Right Back,104.556,0,15.4941,9.1828,24.4873,12.051
67742,Emam Ashour,Egypt,Left Center Midfield,233.9363,0,15.3888,10.994,20.9552,16.543
103910,Cletous Chama,Zambia,Left Center Midfield,35.3056,0,15.295,5.613,33.2908,15.295
11174,Vincent Aboubakar,Cameroon,Left Center Forward,23.6946,0,15.1933,4.1397,38.901,0.0
65837,Ananias Gebhardt,Namibia,Left Center Back,35.6587,0,15.1436,5.5574,32.9611,7.5718
23013,Nanu,Guinea-Bissau,Left Back,84.3291,0,14.9415,8.1686,25.0692,6.4035
389319,Muzeu Bethuel,Namibia,Right Midfield,227.6854,0,14.6254,10.2977,20.1592,25.2981
416907,Sidi Bouna Sidi Amar,Mauritania,Right Midfield,278.7852,0,14.5273,10.5963,19.4387,19.3698
47762,Jacob Mendy,Gambia,Left Back,204.8112,0,14.5012,9.9819,20.365,12.304
32450,Montassar Omar Talbi,Tunisia,Left Center Back,299.5773,0,14.4203,10.6324,19.1192,7.2102
102667,Hemeya Tanjy,Mauritania,Left Midfield,144.9258,0,14.2832,9.0543,21.4318,14.9042
65733,Aubrey Maphosa Modiba,South Africa,Left Back,763.2034,1,14.2688,11.8399,17.0494,11.4386
264956,Ibrahima Keita,Mauritania,Right Back,392.6633,0,14.2106,10.8952,18.2174,20.6284
103208,Kialonda Gaspar,Angola,Right Center Back,507.8769,1,14.1767,11.2412,17.6441,5.4935
105766,Mohamed Hussein Mohamed,Tanzania,Left Back,298.7998,0,14.1566,10.4018,18.8253,7.5301
11923,Aly Abeid,Mauritania,Left Back,153.1521,0,14.1036,9.0365,20.9851,8.8148
212489,Oumar Diakité,Côte d'Ivoire,Right Wing,224.6364,0,14.0227,9.7673,19.5021,20.433
70464,Mohanad Mostafa Lasheen,Egypt,Right Defensive Midfield,12.8549,0,14.0024,1.6958,50.5815,28.0048
136411,Óscar Siafá,Equatorial Guinea,Center Forward,19.7137,0,13.6961,2.8245,40.0257,13.6961
3417,Saidy Janko,Gambia,Right Back,204.5752,0,13.638,9.2664,19.3581,9.6786
65555,Riaan Hanamub,Namibia,Left Back,400.6129,0,13.4793,10.2862,17.3506,15.2766
389292,Khadim Diaw,Mauritania,Left Back,261.1544,0,13.4403,9.5574,18.3734,12.4065
32433,Jefferson Encada,Guinea-Bissau,Right Back,202.5174,0,13.3322,8.9952,19.0325,10.2213
389092,Ibrahim Abdallah Hamad,Tanzania,Left Center Back,298.7998,0,13.253,9.6297,17.7916,6.0241
70835,Mohamed Hamdy,Egypt,Left Back,265.1761,0,13.2365,9.4124,18.0947,9.5031
65719,Khuliso Johnson Mudau,South Africa,Right Wing Back,692.1461,1,13.1331,10.6971,15.9579,9.7523
70783,Omar Kamal,Egypt,Right Back,165.9316,0,13.0174,8.3405,19.3689,13.0174
67714,Aliou Dieng,Mali,Right Center Midfield,152.2854,0,13.0019,8.1482,19.685,13.0019
7426,Jean-Charles Castelletto,Cameroon,Right Center Back,416.3563,0,12.9697,9.8972,16.6945,3.4586
160904,Miguel Changa Chaiwa,Zambia,Right Defensive Midfield,111.3611,0,12.9309,7.3911,20.999,13.7391
5651,Yassine Meriah,Tunisia,Right Center Back,299.5773,0,12.9182,9.349,17.4007,8.4119
133038,João Paulo Fernandes,Cape Verde Islands,Left Back,474.3366,0,12.9022,10.0191,16.3567,11.0048
3250,Mexer,Mozambique,Right Center Back,308.1168,0,12.8523,9.3385,17.2536,4.9656
129475,Nené,Mozambique,Left Defensive Midfield,91.1444,0,12.8368,6.835,21.9513,8.887
263057,Amadú,Mozambique,Right Wing,21.085,0,12.8053,2.6408,37.4226,12.8053
136414,Luis Nlavo,Equatorial Guinea,Right Midfield,56.3328,0,12.7812,5.518,25.184,33.5506
341163,Omaré Gassama,Mauritania,Left Defensive Midfield,346.0848,0,12.7425,9.427,16.8463,16.6433
36539,Wilfried Stephane Singo,Côte d'Ivoire,Right Back,409.8776,0,12.7355,9.6706,16.4636,7.9048
3587,Arthur Masuaku,Congo DR,Left Back,643.3413,1,12.7304,10.2497,15.6301,9.7926
67728,Mahmoud Hamada,Egypt,Left Defensive Midfield,49.6603,0,12.6862,5.1005,26.1384,14.4985
136417,Alex Balboa,Equatorial Guinea,Right Defensive Midfield,35.5911,0,12.6436,4.1053,29.5059,10.1149
10848,Reinildo Mandava,Mozambique,Left Back,308.1168,0,12.5602,9.0899,16.9185,8.1787
50968,Patrick Andrade,Cape Verde Islands,Left Center Midfield,137.1324,0,12.4697,7.5076,19.473,17.0638
3436,Idrissa Gueye,Senegal,Right Center Midfield,50.5561,0,12.4614,5.0101,25.6753,21.3624
44311,Alieu Fadera,Gambia,Left Midfield,116.2147,0,12.3909,7.0824,20.122,33.3004
13454,Nouhou Tolo,Cameroon,Left Wing Back,313.3566,0,12.3501,8.9379,16.6356,8.042
2989,Alexander Djiku,Ghana,Right Center Back,306.7495,0,12.3228,8.8812,16.6568,7.0416
16015,Moumi Ngamaleu,Cameroon,Right Wing Back,168.4892,0,12.2857,7.7881,18.4345,10.6832
36271,R.Lopes,Cape Verde Islands,Left Center Back,440.858,0,12.2488,9.3472,15.7667,7.7576
65742,Edmilson Gabriel Dove,Mozambique,Left Center Back,206.8413,0,12.1833,8.0957,17.6082,6.5267
102661,Mohamed Dellahi Yali,Mauritania,Right Center Back,103.7372,0,12.1461,6.6404,20.3791,6.073
24467,Frank Onyeka,Nigeria,Right Defensive Midfield,666.8983,1,12.1458,9.7666,14.9292,19.0284
27434,Alhassan Yusuf Abdullahi,Nigeria,Right Center Midfield,127.4205,0,12.0075,6.9948,19.2252,28.2529
105946,Henoc Inonga Baka,Congo DR,Left Center Back,420.5323,0,11.9848,9.0532,15.5633,6.2064
145058,Eddie Afonso,Angola,Right Back,406.3912,0,11.9589,8.9839,15.6038,11.516
28444,Oumar Gonzalez,Cameroon,Center Back,105.6935,0,11.9213,6.5175,20.0019,8.5152
50442,Hamza Rafia,Tunisia,Right Midfield,151.9236,0,11.8481,7.2371,18.2984,27.8429
132800,Kevin Pina,Cape Verde Islands,Center Defensive Midfield,456.2647,0,11.8352,9.0315,15.2343,12.427
10039,Ghislain Konan,Côte d'Ivoire,Left Back,723.604,1,11.8159,9.5597,14.4443,8.2089
4376,Edgar Ié,Guinea-Bissau,Right Center Back,99.408,0,11.7697,6.2669,20.1265,8.1482
31029,Salis Abdul Samed,Ghana,Left Defensive Midfield,206.4751,0,11.769,7.7558,17.1232,14.8202
28212,Alasana Manneh,Gambia,Right Defensive Midfield,178.3252,0,11.608,7.3585,17.4177,11.608
4939,Joris Kayembe,Congo DR,Left Back,108.6481,0,11.5971,6.3402,19.4579,14.9105
10573,Jonathan Buatu,Angola,Right Center Back,404.6557,0,11.5654,8.6376,15.1665,8.674
23331,Kiki Kouyaté,Mali,Right Center Back,540.0627,1,11.4987,8.9466,14.5523,5.1661
44955,Aïssa Laïdouni,Tunisia,Left Defensive Midfield,250.4705,0,11.4984,7.8649,16.2323,19.0442
103269,Bakari Nondo Mwamnyeto,Tanzania,Right Center Back,297.8165,0,11.4836,8.1265,15.7621,4.8352
31016,Show,Angola,Left Defensive Midfield,439.735,0,11.4614,8.6579,14.8836,19.6482
23615,Gideon Mensah,Ghana,Left Back,306.7495,0,11.4426,8.1368,15.6424,13.4964
29217,Edward Chilufya,Zambia,Right Wing,86.6269,0,11.4283,5.705,20.4484,32.2071
67974,Nkosinathi Sibisi,South Africa,Left Center Back,103.0624,0,11.3523,6.0446,19.4129,6.9861
43779,Calvin Bassey,Nigeria,Left Center Back,658.4066,1,11.3456,9.0367,14.0645,11.4823
34845,Federico Bikoro Akieme Nchama,Equatorial Guinea,Right Defensive Midfield,365.3118,0,11.3328,8.297,15.1163,14.2892
4506,Nampalys Mendy,Senegal,Left Center Midfield,119.3018,0,11.3158,6.3334,18.6638,18.1053
8774,Amadou Haïdara,Mali,Left Center Midfield,303.3165,0,11.2754,7.9791,15.4763,18.9901
136055,Novatus Dismas Miroshi,Tanzania,Left Defensive Midfield,167.9242,0,11.2551,6.9671,17.2046,19.2944
10844,Fredy,Angola,Right Defensive Midfield,407.8181,0,11.255,8.3801,14.7983,22.7307
50498,Pape Sarr,Senegal,Right Defensive Midfield,288.4395,0,11.2329,7.8674,15.551,20.5936
65732,Mothobi Mvala,South Africa,Left Center Back,665.9283,1,11.2174,8.9346,13.9057,6.7575
106069,Clésio Bauque,Mozambique,Left Wing,56.235,0,11.203,4.5042,23.0824,14.4038
45557,Logan Costa,Cape Verde Islands,Right Center Back,548.6061,1,11.1555,8.6627,14.1423,5.0856
3138,Abdoulaye Touré,Guinea,Right Defensive Midfield,137.4281,0,11.1331,6.4854,17.8252,10.4782
8505,Naby Keïta,Guinea,Left Defensive Midfield,210.1986,0,11.1323,7.272,16.3114,11.1323
3255,Guessouma Fofana,Mauritania,Left Defensive Midfield,234.488,0,11.1306,7.4544,15.9854,18.4231
297356,Brian Jephte Bayeye,Congo DR,Right Back,97.2752,0,11.1025,5.7368,19.3939,11.1025
80484,Iliman Ndiaye,Senegal,Right Wing,89.6066,0,11.0483,5.5153,19.7684,18.079
389294,Nouh Mohamed El Abd,Mauritania,Right Center Back,204.0833,0,11.0249,7.1347,16.2749,3.528
3141,André Zambo Anguissa,Cameroon,Right Defensive Midfield,416.3563,0,11.0242,8.2082,14.4948,15.7798
103207,Loide Augusto,Angola,Right Wing Back,81.6642,0,11.0207,5.2849,20.2675,19.8373
32915,Ismail Jakobs,Senegal,Left Wing Back,434.0596,0,10.9893,8.2317,14.3742,18.2463
3481,Serge Aurier,Côte d'Ivoire,Right Back,377.3496,0,10.9713,8.0323,14.6341,8.1092
3767,Ellyes Joris Skhiri,Tunisia,Right Defensive Midfield,287.3854,0,10.9609,7.6347,15.2439,15.6584
23203,Stopilla Sunzu,Zambia,Right Center Back,303.9512,0,10.9557,7.7138,15.101,2.0727
136074,Karim Konaté,Côte d'Ivoire,Left Center Forward,82.2142,0,10.947,5.2495,20.132,13.1364
24806,Mohamed Camara,Mali,Center Defensive Midfield,123.4845,0,10.9325,6.1189,18.0316,15.3056
135043,Enzo Gianni Tchato Mbiayi,Cameroon,Right Wing Back,214.5768,0,10.9052,7.1236,15.9786,17.1966
128053,Idrissa Thiam,Mauritania,Left Wing,148.5701,0,10.9039,6.4624,17.2329,16.3559
45047,Alidu Seidu,Ghana,Right Wing Back,24.7662,0,10.902,2.2482,31.8602,7.268
3035,Steeve Yago,Burkina Faso,Left Back,280.7849,0,10.898,7.5472,15.2289,11.2186
18783,Omenuke Mfulu,Congo DR,Right Defensive Midfield,57.8549,0,10.8893,4.3781,22.4361,18.6674
4267,Mouctar Diakhaby,Guinea,Right Center Back,405.1884,0,10.8838,8.0519,14.389,4.6645
30681,Ali Abdi,Tunisia,Left Back,198.5378,0,10.8795,6.9707,16.1879,14.0527
363738,Nito Gomes,Guinea-Bissau,Right Defensive Midfield,99.408,0,10.8643,5.6138,18.9778,15.3911
48342,Dylan Tavares,Cape Verde Islands,Left Back,107.7481,0,10.8587,5.7818,18.5686,11.6939
28413,Willy Afonso Semedo Johnson,Cape Verde Islands,Right Back,207.2684,0,10.8555,7.0251,16.0248,13.895
105921,Mamady Alex Bangré,Burkina Faso,Right Wing,49.7494,0,10.8544,3.9834,23.6255,14.4725
162132,Kamory Doumbia,Mali,Center Attacking Midfield,431.3044,0,10.8508,8.1039,14.2294,22.9536
30626,Estrela,Angola,Left Center Midfield,182.5944,0,10.8437,6.7957,16.4175,17.2514
105764,Basilio Ndong,Equatorial Guinea,Left Back,407.5861,0,10.8198,8.0045,14.3043,15.236
74588,Christopher Wooh,Cameroon,Left Center Back,393.8759,0,10.7394,7.8909,14.2812,10.0539
3684,Cheikhou Kouyaté,Senegal,Center Defensive Midfield,25.2726,0,10.6835,2.2032,31.2217,21.367
46008,Saidou Sow,Guinea,Right Center Back,101.2509,0,10.6666,5.5116,18.6323,7.111
4352,Issiaga Sylla,Guinea,Left Back,405.1867,0,10.6618,7.8611,14.1359,7.7742
64629,Thabang Amod Monare,South Africa,Right Defensive Midfield,93.6675,0,10.5693,5.2762,18.9114,4.8042
66892,Mohamed Hany,Egypt,Right Back,315.4032,0,10.5579,7.4337,14.5527,6.8484
12259,Denis Odoi,Ghana,Right Back,281.9833,0,10.5325,7.2501,14.7916,13.0859
3017,Ibrahim Sangaré,Côte d'Ivoire,Center Defensive Midfield,418.7219,0,10.5321,7.7917,13.9239,20.6342
58878,Boubacar Traore,Mali,Right Center Midfield,51.3013,0,10.526,3.8629,22.9108,17.5434
391434,Marciano Sanca,Guinea-Bissau,Left Wing,85.5963,0,10.5145,5.0421,19.3365,16.8232
7568,Opa Sangante,Guinea-Bissau,Left Center Back,197.6006,0,10.4757,6.6407,15.7187,10.0202
3198,Moussa Niakhaté,Senegal,Left Center Back,223.5543,0,10.4673,6.8376,15.337,11.675
103804,Absalom Iimbondi,Namibia,Right Midfield,249.4606,0,10.4626,7.0069,15.026,20.5644
408674,Aboubacar Traoré,Mali,Left Defensive Midfield,8.6466,0,10.4087,0.2635,57.9938,31.2262
30423,Ibán Salvador,Equatorial Guinea,Right Wing,363.6608,0,10.3943,7.4913,14.0501,19.5512
11492,Ola Aina,Nigeria,Left Wing Back,728.5042,1,10.3774,8.2774,12.848,10.6245
64612,Deon Hotto Kavendji,Namibia,Left Midfield,400.4296,0,10.3389,7.5694,13.7906,6.0685
69563,Mohamed Abdel Monem,Egypt,Left Center Back,453.8581,0,10.3116,7.7012,13.5223,5.7507
4385,Yves Bissouma,Mali,Left Defensive Midfield,210.1625,0,10.2778,6.5852,15.2925,14.1319
99280,Adamo Nagalo,Burkina Faso,Right Back,141.4317,0,10.1816,5.8197,16.5343,10.1816
389784,Manuel Keliano,Angola,Right Center Midfield,70.7415,0,10.1779,4.3941,20.0545,33.0782
30606,Edmond Fayçal Tapsoba,Burkina Faso,Left Center Back,415.8625,0,10.1716,7.4737,13.5261,4.9776
146933,Bodda Mouhsine,Mauritania,Right Defensive Midfield,310.5073,0,10.1447,7.0661,14.1088,21.4488
70682,Marwan Attia,Egypt,Center Defensive Midfield,204.1597,0,10.1391,6.4273,15.2137,15.8699
32190,Darline Yongwa,Cameroon,Left Back,186.6781,0,10.1244,6.2672,15.4762,13.0171
202037,Thapelo Maseko,South Africa,Left Midfield,231.3067,0,10.1164,6.6084,14.8229,14.7856
10323,Alfa Semedo,Guinea-Bissau,Right Defensive Midfield,196.3122,0,10.086,6.3208,15.2703,18.7966
40485,Ryan Mendes,Cape Verde Islands,Right Wing,413.1926,0,10.0195,7.3356,13.3647,11.9799
41045,Milson,Angola,Center Attacking Midfield,54.1855,0,9.9658,3.6573,21.6913,29.8973
9361,Houboulang Mendes,Guinea-Bissau,Right Back,99.408,0,9.959,4.9715,17.8193,6.3375
50501,Ebrima Darboe,Gambia,Left Center Midfield,153.8553,0,9.9444,5.793,15.922,25.7385
17618,Carlos Akapo,Equatorial Guinea,Right Back,389.4186,0,9.9379,7.1921,13.3863,13.6357
30193,Gédéon Kalulu,Congo DR,Right Back,643.3413,1,9.9325,7.7574,12.5285,12.7304
8284,Amadou Diawara,Guinea,Right Defensive Midfield,290.3805,0,9.918,6.7839,14.0013,11.1578
21026,Pape Gueye,Senegal,Center Defensive Midfield,263.1903,0,9.9168,6.6414,14.2421,8.5489
482851,Esteban Fernández,Equatorial Guinea,Right Center Back,408.5194,0,9.9138,7.2312,13.2655,4.4062
7214,El-Hadji Ba,Mauritania,Left Center Midfield,63.6596,0,9.8964,3.9789,20.3903,12.7239
136406,Aprocious Petrus,Namibia,Right Defensive Midfield,400.6129,0,9.8849,7.1823,13.27,16.1752
27133,Odilon Kossonou,Côte d'Ivoire,Right Center Back,273.1901,0,9.8832,6.6682,14.1089,6.2594
3248,Hamari Traoré,Mali,Right Back,539.3127,1,9.8459,7.4951,12.7004,7.6764
196109,Ousmane Diomande,Côte d'Ivoire,Right Center Back,183.0071,0,9.8357,6.0079,15.1904,7.8685
10040,Youcef Atal,Algeria,Right Back,274.5792,0,9.8332,6.6344,14.0375,7.211
23873,Nurio Fortuna,Angola,Left Wing Back,202.2998,0,9.7875,6.1337,14.8183,15.5709
23999,Blati,Burkina Faso,Left Center Midfield,312.9414,0,9.7782,6.7717,13.664,12.6541
67737,Ahmed El Fotouh,Egypt,Left Back,101.3386,0,9.7692,4.8768,17.4798,15.0979
4753,Aaron Tshibola,Congo DR,Right Defensive Midfield,175.4443,0,9.7467,5.8681,15.2207,25.1362
31949,Zaidu Sanusi,Nigeria,Left Wing Back,462.4808,0,9.7301,7.2219,12.828,12.8438
24087,Iddrisu Baba,Ghana,Right Defensive Midfield,203.5387,0,9.7279,6.0964,14.7281,14.5918
3044,Chancel Mbemba,Congo DR,Right Center Back,740.3498,1,9.7251,7.7114,12.1038,6.0782
31751,Pathé Ismaël Ciss,Senegal,Center Defensive Midfield,46.5676,0,9.6634,3.1377,22.5511,19.3267
264381,Kennedy Amutenya,Namibia,Right Center Back,364.1042,0,9.6401,6.8551,13.1783,10.1345
102722,Siyanda Xulu,South Africa,Right Center Back,271.7454,0,9.6046,6.4323,13.7938,3.3119
270407,Kinito,Angola,Left Center Back,215.6515,0,9.5988,6.0848,14.4029,4.1734
233463,Ernest Appiah Nuamah,Ghana,Right Wing,37.5721,0,9.5816,2.6107,24.5326,19.1631
47351,Morgan Guilavogui,Guinea,Right Wing,300.9809,0,9.5687,6.545,13.5082,20.6325
135004,Lubeni Haukongo,Namibia,Left Center Back,339.1204,0,9.5541,6.6916,13.2269,6.6348
3433,Lassana Coulibaly,Mali,Right Center Midfield,310.9203,0,9.5523,6.5754,13.415,15.9205
5234,Sofyan Amrabat,Morocco,Center Defensive Midfield,405.1609,0,9.5518,6.9127,12.8662,15.3272
86067,Himid Mao Mkami,Tanzania,Center Defensive Midfield,246.8186,0,9.4806,6.1931,13.8913,14.9502
29482,Ricardo Guimarães,Mozambique,Left Defensive Midfield,284.899,0,9.477,6.3941,13.5291,23.6926
103799,Ivan Kamberipa,Namibia,Right Back,200.5017,0,9.4264,5.8351,14.4092,13.0173
136057,Mudathiri Yahya,Tanzania,Right Center Midfield,76.3854,0,9.4259,4.0694,18.5727,12.9606
38345,Ramiz Zerrouki,Algeria,Left Defensive Midfield,238.8473,0,9.4202,6.0963,13.9061,12.0579
12557,Falaye Sacko,Mali,Left Back,440.7368,0,9.3934,6.8771,12.5294,13.6816
16546,Joseph Paintsil,Ghana,Right Wing,124.9171,0,9.3662,4.9871,16.0165,22.3348
30693,Majeed Ashimeru,Ghana,Left Defensive Midfield,192.6093,0,9.3453,5.7084,14.4331,18.2234
136069,Shaquille Momad Nangy,Mozambique,Left Defensive Midfield,38.5223,0,9.3452,2.5463,23.9275,7.0089
24105,Dylan Batubinsika,Congo DR,Left Center Back,317.8175,0,9.345,6.4327,13.1238,4.8141
5830,Kenneth Omeruo,Nigeria,Center Back,144.5384,0,9.3401,5.2276,15.405,6.8494
95042,Dango Ouattara,Burkina Faso,Center Forward,125.5235,0,9.321,4.963,15.9391,17.9249
35689,James Gomez,Gambia,Right Center Back,309.1312,0,9.3164,6.3724,13.152,3.2025
3359,Jean Michaël Seri,Côte d'Ivoire,Left Defensive Midfield,386.927,0,9.3041,6.647,12.6695,11.8627
52324,Saúl Coco,Equatorial Guinea,Left Center Back,408.5194,0,9.2529,6.6687,12.5073,5.728
42527,Sphephelo S''Miso Sithole,South Africa,Left Defensive Midfield,722.1895,1,9.222,7.2412,11.5773,15.5776
4696,Ebou Adams,Gambia,Center Defensive Midfield,48.8,0,9.2213,2.9941,21.5195,16.5984
31295,Yahia Attiyat allah,Morocco,Left Back,127.0383,0,9.2098,4.9038,15.7491,2.8338
70093,Gomolemo Grant Kekana,South Africa,Right Center Back,558.0626,1,9.1925,6.9623,11.91,4.8382
389316,Ngero Kaanjuka Katua,Namibia,Left Center Midfield,245.0354,0,9.1823,5.9423,13.555,13.2226
3856,Joe Aribo,Nigeria,Left Defensive Midfield,137.2565,0,9.1799,5.0187,15.4023,19.0155
7197,Steven Moreira,Cape Verde Islands,Right Back,452.904,0,9.141,6.6924,12.1928,11.1282
50503,Sayfallah Ltaief,Tunisia,Left Midfield,68.9803,0,9.133,3.672,18.8176,16.9614
3191,Ramy Bensebaini,Algeria,Left Center Back,206.9767,0,9.1315,5.6525,13.9584,6.0876
3347,André Ayew,Ghana,Right Wing,88.7216,0,9.1297,4.1747,17.331,15.2161
10598,Jovane Cabral,Cape Verde Islands,Center Forward,346.0904,0,9.1017,6.3396,12.6582,17.4232
286708,Kévin Daniel Van Den Kerkhof,Algeria,Right Back,39.5656,0,9.0988,2.4791,23.2966,11.3735
417067,Nanani,Mozambique,Right Back,118.915,0,9.0821,4.6929,15.8646,14.38
39559,Aguibou Camara,Guinea,Center Attacking Midfield,505.6393,1,9.0776,6.7589,11.9354,20.4691
132461,Mohamed Elias Achouri,Tunisia,Right Wing,238.097,0,9.0719,5.8126,13.4983,21.1678
5455,William Troost-Ekong,Nigeria,Center Back,644.9192,1,9.0709,7.0007,11.5616,4.4657
138493,Morice Michael Abraham,Tanzania,Right Wing,99.3896,0,9.0553,4.3424,16.653,28.9769
143165,Mohamed Chibi,Morocco,Left Back,209.8336,0,9.0071,5.5756,13.7684,6.4337
7295,Sikou Niakaté,Mali,Left Center Back,539.796,1,9.0034,6.7636,11.7475,4.0015
9933,Willy Boly,Côte d'Ivoire,Right Center Back,291.3849,0,8.9572,5.9988,12.8641,8.6484
106070,Bruno Langa,Mozambique,Left Back,241.3517,0,8.9496,5.7342,13.3163,4.4748
103464,Mohamed Youcef Belaïli,Algeria,Left Wing,191.191,0,8.9439,5.3848,13.9671,8.4732
13329,Silas Katompa Mvumpa,Congo DR,Left Wing,272.1096,0,8.9302,5.8851,12.993,16.8682
3708,Kelechi Iheanacho,Nigeria,Right Wing,40.4285,0,8.9046,2.4262,22.7993,11.1308
7023,Franck Kessié,Côte d'Ivoire,Right Center Midfield,699.1685,1,8.882,6.9107,11.2407,11.4565
35285,Mory Konaté,Guinea,Right Defensive Midfield,182.6015,0,8.8718,5.258,14.0212,13.3077
5219,Romain Saïss,Morocco,Left Center Back,316.4863,0,8.8155,5.9897,12.513,4.8343
34293,Faris Moumbagna,Cameroon,Center Forward,71.8862,0,8.7638,3.5235,18.0569,5.0079
39073,Ilaix Moriba,Guinea,Right Defensive Midfield,267.1642,0,8.7587,5.7214,12.8335,9.7693
225437,Stephane Ki,Burkina Faso,Center Attacking Midfield,195.4936,0,8.7471,5.2663,13.6597,16.5734
389328,Gilberto,Angola,Right Wing,288.1039,0,8.7468,5.8122,12.6416,24.0538
4063,Ahmed Hegazy,Egypt,Right Center Back,453.4914,0,8.7322,6.3449,11.7226,7.1446
105944,Wajdi Kechrida,Tunisia,Right Back,299.5773,0,8.7123,5.8347,12.5123,10.2144
23892,Aboubakary Koita,Mauritania,Center Attacking Midfield,392.9924,0,8.7025,6.1584,11.9448,15.8018
3647,Alex Iwobi,Nigeria,Left Defensive Midfield,569.9896,1,8.6844,6.5423,11.3039,10.737
47979,Frankie Musonda,Zambia,Left Center Back,303.9512,0,8.5869,5.7508,12.3322,4.4415
133003,Mihlali Samson Mayambela,South Africa,Left Midfield,199.1718,0,8.5856,5.1691,13.4074,11.2968
39174,Ismael Saibari,Morocco,Left Center Midfield,115.6874,0,8.5575,4.2719,15.3118,14.0033
45466,Gustavo Sangaré,Burkina Faso,Right Defensive Midfield,284.1127,0,8.5529,5.6364,12.4441,16.7891
20758,Krépin Diatta,Senegal,Right Wing Back,443.3156,0,8.5267,6.1453,11.5256,10.5568
35684,Meschak Elia,Congo DR,Right Wing,443.5408,0,8.5223,6.1421,11.5197,14.2039
16329,Bubacarr Sanneh,Gambia,Right Center Back,31.8111,0,8.4876,1.7503,24.8044,0.0
43072,Jean-Philippe Krasso,Côte d'Ivoire,Center Forward,277.5015,0,8.4324,5.5083,12.3554,12.6486
40128,Jannick Buyla,Equatorial Guinea,Left Wing,226.2505,0,8.3536,5.171,12.7693,12.3315
10530,Olivier Ntcham,Cameroon,Left Defensive Midfield,334.0302,0,8.3525,5.6751,11.8558,11.0469
389675,Kennedy Musonda,Zambia,Center Attacking Midfield,97.2602,0,8.3282,3.8082,15.8095,24.9845
12111,Rayan Aït Nouri,Algeria,Left Back,313.7115,0,8.3197,5.5719,11.9485,11.4755
24478,Paul Onuachu,Nigeria,Center Forward,21.6374,0,8.3189,1.0075,30.0509,8.3189
23301,Kenny Rocha Santos,Cape Verde Islands,Right Center Midfield,314.7441,0,8.2925,5.5536,11.9093,16.5849
3531,Mohamed Salah,Egypt,Center Attacking Midfield,152.0774,0,8.2853,4.5296,13.9013,17.1623
3710,Fousseni Diabaté,Mali,Right Midfield,229.2905,0,8.2428,5.1024,12.6,17.6632
7713,Evan N'Dicka,Côte d'Ivoire,Left Center Back,776.4782,1,8.2295,6.4273,10.3804,5.5636
136312,Zini,Angola,Center Attacking Midfield,175.0971,0,8.224,4.7007,13.3553,15.934
102800,Issoufou Dayo,Burkina Faso,Right Center Back,415.8625,0,8.2239,5.8197,11.2879,2.8134
5245,Achraf Hakimi,Morocco,Right Back,416.3427,0,8.2144,5.813,11.2749,12.3216
33395,Ransford Königsdörffer,Ghana,Center Attacking Midfield,65.8486,0,8.2006,3.0095,17.8493,30.069
68505,Roderick Kabwe,Zambia,Left Back,142.8776,0,8.1888,4.3602,14.0031,6.2991
66716,Teboho Mokoena,South Africa,Right Defensive Midfield,760.3881,1,8.1669,6.3543,10.3357,17.2806
7294,Yoane Wissa,Congo DR,Left Wing,584.6037,1,8.1594,6.1119,10.6727,9.0831
3629,Sadio Mané,Senegal,Left Wing,443.3156,0,8.1206,5.8015,11.058,14.8201
23774,Selim Amallah,Morocco,Left Center Midfield,211.0163,0,8.1036,4.8789,12.6548,17.9133
38862,Raphael Nwadike,Nigeria,Right Defensive Midfield,33.3289,0,8.1011,1.6706,23.6748,29.704
106074,Dominguês,Mozambique,Left Attacking Midfield,122.8313,0,8.0598,4.0234,14.4213,14.6542
44225,Osman Bukari,Ghana,Right Wing,22.4055,0,8.0337,0.9729,29.0207,12.0506
7360,Julian Jeanvier,Guinea,Left Center Back,405.1884,0,7.9963,5.6005,11.0702,5.1087
4416,Max Gradel,Côte d'Ivoire,Right Wing,327.6319,0,7.9663,5.3351,11.4409,13.1855
15890,Noussair Mazraoui,Morocco,Left Back,79.4709,0,7.9274,3.1872,16.3335,5.6625
106068,Gildo Lourenço,Mozambique,Left Midfield,102.598,0,7.8949,3.61,14.987,12.2809
23910,Youssef Msakni,Tunisia,Left Wing,228.5509,0,7.8757,4.8107,12.1634,11.4198
103268,Faisal Salum Abdalla,Tanzania,Center Attacking Midfield,171.8546,0,7.8555,4.3967,12.9564,17.2821
8349,Deroy Duarte,Cape Verde Islands,Right Center Midfield,230.0682,0,7.8238,4.779,12.0832,12.1268
12149,Nayef Aguerd,Morocco,Right Center Back,416.2427,0,7.7839,5.4518,10.7762,3.892
105769,Mzamiru Yassin,Tanzania,Left Defensive Midfield,127.6103,0,7.758,3.8728,13.8812,13.4002
23706,Alfons Amade,Mozambique,Left Defensive Midfield,255.7946,0,7.7406,4.851,11.7193,14.4256
66886,Mostafa Mohamed,Egypt,Center Forward,453.5081,0,7.7397,5.5037,10.5804,11.3118
3568,Mohamed Elneny,Egypt,Right Center Midfield,279.1276,0,7.7384,4.9581,11.5141,12.8973
40761,Omar Marmoush,Egypt,Left Wing,267.9589,0,7.7251,4.897,11.5914,12.4273
108291,Tandi Mwape,Zambia,Right Back,187.2831,0,7.6889,4.3949,12.4863,3.8444
22274,Bruno Paz,Angola,Center Defensive Midfield,140.7134,0,7.6752,3.9659,13.407,16.6295
65761,Jayden Adams,South Africa,Center Attacking Midfield,35.2309,0,7.6637,1.5804,22.3967,12.7729
4412,Samuel Moutoussamy,Congo DR,Left Defensive Midfield,740.6165,1,7.6558,5.8829,9.7951,19.6863
10280,Aboubakar Kamara,Mauritania,Right Center Forward,117.9219,0,7.6322,3.6599,14.0358,16.7908
44751,Lameck Banda,Zambia,Left Wing,212.8936,0,7.6094,4.5098,12.0262,16.9099
102816,Mohamed Ali Ben Romdhane,Tunisia,Left Center Midfield,71.2543,0,7.5785,2.7812,16.4952,16.4201
160943,Mohamed Amine Tougai,Algeria,Left Center Back,107.1681,0,7.5582,3.4561,14.3479,5.0388
25056,Marcelo Djaló,Guinea-Bissau,Right Center Back,202.5174,0,7.5549,4.401,12.0961,6.2217
43705,Abdoul Tapsoba,Burkina Faso,Left Wing,215.0039,0,7.5347,4.4656,11.9081,12.1393
65723,Peter Shalulile,Namibia,Center Forward,395.7572,0,7.5046,5.1658,10.5392,12.2803
65726,Themba Zwane,South Africa,Center Attacking Midfield,542.2711,1,7.4686,5.4476,9.9936,15.767
105762,Josete Miranda,Equatorial Guinea,Left Wing,145.5505,0,7.4201,3.8341,12.9614,10.5118
35471,Issa Kabore,Burkina Faso,Right Midfield,415.3958,0,7.3665,5.1015,10.2939,11.483
17033,Mohammed Kudus,Ghana,Center Attacking Midfield,195.9626,0,7.3483,4.2002,11.9332,7.8076
131849,Antoine Conte,Guinea,Right Back,147.6063,0,7.3168,3.7807,12.7809,13.4141
16548,Mbwana Samatta,Tanzania,Center Forward,259.6316,0,7.2795,4.5062,11.1276,15.9457
176683,Ibrahim Diakité,Guinea,Right Back,358.6497,0,7.2773,4.8737,10.4514,9.2848
12175,Carlos Gomes,Guinea-Bissau,Left Wing,111.9699,0,7.2341,3.3079,13.7326,12.0568
18163,Moses Simon,Nigeria,Right Wing,511.1974,1,7.2183,5.18,9.7925,13.0282
3625,Sofiane Boufal,Morocco,Left Midfield,162.2452,0,7.2113,3.8397,12.3316,8.8755
66878,Zizo,Egypt,Right Wing,262.331,0,7.2046,4.4598,11.0131,10.9785
51698,Souleymane Doukara,Mauritania,Left Center Forward,37.6313,0,7.1749,1.4796,20.9681,7.1749
66725,Oswin Reagan Appollis,South Africa,Right Wing,37.6784,0,7.1659,1.4778,20.9418,2.3886
6648,Aïssa Mandi,Algeria,Right Center Back,314.1448,0,7.1623,4.6351,10.573,2.2919
3806,Bright Samuel,Nigeria,Right Wing Back,252.5356,0,7.1277,4.3538,11.0082,8.1969
4218,Ryan Nyambe,Namibia,Right Back,177.7625,0,7.0881,3.8751,11.8926,23.2895
141358,Mohamed El Amine Amoura,Algeria,Left Wing,127.419,0,7.0633,3.3871,12.9897,15.5393
65727,Thapelo James Morena,South Africa,Right Midfield,408.6119,0,7.0483,4.821,9.95,12.3344
307271,Yankuba Minteh,Gambia,Left Midfield,230.061,0,7.0416,4.1733,11.1288,17.9952
6988,Musa Barrow,Gambia,Center Attacking Midfield,309.1312,0,6.9873,4.4769,10.3966,9.6076
106681,Ismahila Ouédraogo,Burkina Faso,Left Defensive Midfield,232.8485,0,6.9573,4.1233,10.9956,22.0315
25759,Abdoulaye Seck,Senegal,Right Center Back,116.9685,0,6.9249,3.1665,13.1457,5.3861
416889,Uetuuru Kambato,Namibia,Right Midfield,26.1254,0,6.8898,0.8344,24.8885,31.0043
12064,Mama Baldé,Guinea-Bissau,Center Forward,157.0767,0,6.8756,3.5527,12.0103,9.7405
132711,Sekou Oumar Sylla,Guinea,Left Back,327.3721,0,6.8729,4.4478,10.1458,9.897
128793,Taha Yassine Khenissi,Tunisia,Center Forward,13.1,0,6.8702,0.1739,38.2785,34.3511
392153,Lamine Camara,Senegal,Right Center Midfield,288.6892,0,6.8586,4.2982,10.384,24.6286
7753,Jamiro Monteiro,Cape Verde Islands,Center Attacking Midfield,407.5288,0,6.8461,4.6516,9.7176,15.459
28415,Charles Pickel,Congo DR,Right Defensive Midfield,525.9,1,6.8454,4.8905,9.3215,16.0867
108280,Benedict Chepeshi,Zambia,Right Back,92.4625,0,6.8136,2.7394,14.0386,12.6538
23260,Emmanuel Banda,Zambia,Center Defensive Midfield,303.9512,0,6.8103,4.3171,10.2188,8.5869
45064,Pape Ibnou Bâ,Mauritania,Center Forward,119.1768,0,6.7966,3.1078,12.9021,9.0622
3814,Riyad Mahrez,Algeria,Right Wing,238.3758,0,6.796,4.0277,10.7406,6.796
3447,Ademola Lookman,Nigeria,Left Wing,597.4042,1,6.7793,4.9449,9.0713,20.1873
105942,Pablo Ganet,Equatorial Guinea,Left Defensive Midfield,345.2108,0,6.7785,4.4279,9.932,14.3391
389291,Fiston Kalala Mayele,Congo DR,Center Forward,159.5166,0,6.7705,3.4984,11.8266,24.825
143863,Franculino Djú,Guinea-Bissau,Center Forward,160.5262,0,6.7279,3.4764,11.7522,26.9115
10865,Witi,Mozambique,Right Midfield,200.9596,0,6.7178,3.7599,11.0799,10.3006
4471,Ablie Jallow,Gambia,Center Attacking Midfield,187.8335,0,6.7081,3.6674,11.255,11.9787
5675,Kalidou Koulibaly,Senegal,Right Center Back,443.3156,0,6.6995,4.6116,9.4086,7.3086
4308,Houssem Aouar,Algeria,Left Center Midfield,67.1722,0,6.6992,2.1752,15.6337,14.7382
8520,Nabil Bentaleb,Algeria,Right Defensive Midfield,202.791,0,6.6571,3.7259,10.9799,8.4323
10577,Gelson,Angola,Left Wing,419.6681,0,6.6481,4.5171,9.4365,10.9372
64607,Zakhele Lerato Lepasa,South Africa,Left Center Forward,162.7823,0,6.6346,3.4282,11.5894,9.9519
3405,François Kamano,Guinea,Left Wing,67.9472,0,6.6228,2.1504,15.4554,13.2456
103803,Prins Menelik Tjiueza,Namibia,Right Center Midfield,258.5667,0,6.6134,3.9817,10.3276,28.542
16607,Assan Ceesay,Gambia,Center Forward,40.8786,0,6.6049,1.3621,19.3024,11.0082
49763,Souleymane Anne,Mauritania,Right Center Forward,232.1484,0,6.5906,3.8393,10.5522,17.0581
3450,Jordan Ayew,Ghana,Left Wing,300.4773,0,6.5895,4.1296,9.9766,20.3676
80307,Charles M'Mombwa,Tanzania,Center Forward,136.737,0,6.582,3.1563,12.1045,14.4804
118368,Amir Richardson,Morocco,Left Center Midfield,27.4009,0,6.5691,0.7956,23.7299,9.8537
7791,Seko Fofana,Côte d'Ivoire,Left Center Midfield,680.5378,1,6.4802,4.7941,8.5671,8.3316
24909,Moreto Cassamã,Guinea-Bissau,Center Attacking Midfield,139.4766,0,6.4527,3.0943,11.8667,16.777
406457,Facinet Conte,Guinea,Left Midfield,182.2508,0,6.4197,3.4182,10.9779,14.3209
51571,Haythem Jouini,Tunisia,Center Forward,112.398,0,6.4058,2.7656,12.622,16.8152
4256,Jonathan Bamba,Côte d'Ivoire,Left Wing,112.8212,0,6.3818,2.7552,12.5746,7.9772
68755,Mostafa Fathi,Egypt,Right Wing,99.0254,0,6.362,2.5579,13.1082,11.8151
46258,Azzedine Ounahi,Morocco,Right Center Midfield,368.1036,0,6.3569,4.1525,9.3143,9.0464
66887,Hamdi Fathi,Egypt,Left Center Midfield,368.7028,0,6.3466,4.1458,9.2992,19.5279
7355,Olivier Kemen,Cameroon,Left Center Midfield,213.1233,0,6.3344,3.5453,10.4476,14.7802
36813,Janio Bikel,Guinea-Bissau,Center Defensive Midfield,301.9254,0,6.2598,3.8749,9.5688,13.712
46312,Famana Quizera,Guinea-Bissau,Right Wing,71.8958,0,6.2591,2.0323,14.6066,21.2808
5237,Hakim Ziyech,Morocco,Right Midfield,215.8342,0,6.2548,3.5008,10.3163,9.1737
7900,Bebé,Cape Verde Islands,Center Forward,244.9171,0,6.247,3.6391,10.0021,6.247
4464,Adama Traoré,Mali,Right Center Forward,159.1873,0,6.2191,3.1045,11.1277,20.3534
105182,Lassine Sinayoko,Mali,Left Center Forward,421.0534,0,6.1987,4.1514,8.9024,22.4437
32868,Bryan Alberto Silva Teixeira Jr.,Cape Verde Islands,Center Forward,43.589,0,6.1942,1.2774,18.1021,28.9064
23983,Jérémy Bela,Angola,Left Wing,73.2094,0,6.1468,1.9958,14.3445,11.0642
156734,Bilal El Khannous,Morocco,Left Center Midfield,73.6224,0,6.1123,1.9846,14.264,15.8919
136596,Lusajo Mwaikenda,Tanzania,Right Back,147.2482,0,6.1121,2.931,11.2404,6.7233
43007,Mauro Rodrigues,Guinea-Bissau,Right Wing,162.2266,0,6.1026,3.0464,10.9192,11.0956
349594,Noé Ela Mangue,Equatorial Guinea,Center Forward,14.7841,0,6.0876,0.1541,33.918,6.0876
23785,Théo Bongonda Mbul'Ofeko Batombo,Congo DR,Center Attacking Midfield,474.1838,0,6.0736,4.1543,8.5741,10.2492
105392,Simon Adingra,Côte d'Ivoire,Left Wing,312.4674,0,6.0486,3.7442,9.246,13.2494
18244,Grady Diangana,Congo DR,Center Attacking Midfield,89.3401,0,6.0443,2.2182,13.1559,24.1773
30104,Sori Mané,Guinea-Bissau,Left Center Back,104.3248,0,6.0388,2.4279,12.4423,2.5881
16335,Samuel Chukwueze,Nigeria,Right Attacking Midfield,315.2809,0,5.9947,3.7108,9.1635,11.9893
44307,Cédric Badolo,Burkina Faso,Left Wing,197.4086,0,5.9268,3.1558,10.135,8.2063
6393,Iñaki Williams,Ghana,Right Wing,121.899,0,5.9065,2.55,11.6382,9.5981
145622,Denis Kibu,Tanzania,Left Wing,91.6056,0,5.8948,2.1633,12.8306,16.702
51494,Haji Mnoga,Tanzania,Right Back,246.3618,0,5.8451,3.341,9.492,16.4392
5243,Amine Harit,Morocco,Right Midfield,77.0867,0,5.8376,1.8954,13.623,5.8376
90913,Zito Luvumbo,Angola,Right Wing,185.5049,0,5.8219,3.0083,10.1698,16.0104
24411,Adama Guira,Burkina Faso,Right Defensive Midfield,139.3992,0,5.8107,2.657,11.0304,12.9126
41052,Fali Candé,Guinea-Bissau,Left Back,217.5963,0,5.7905,3.1657,9.7155,4.9633
29367,Percy Tau,South Africa,Right Wing,622.9988,1,5.7785,4.1282,7.8687,19.5024
44402,Kings Kangwa,Zambia,Right Center Midfield,202.8329,0,5.7683,3.0714,9.864,11.9803
103801,Marcel Papama,Namibia,Right Center Midfield,15.7056,0,5.7304,0.1451,31.9279,11.4608
4909,Jérémie Boga,Côte d'Ivoire,Left Wing,205.8417,0,5.684,3.0265,9.7198,5.2468
65750,Terrence Mashego,South Africa,Left Back,31.7722,0,5.6653,0.6861,20.4651,16.996
23708,Fashion Sakala,Zambia,Left Midfield,206.591,0,5.6634,3.0155,9.6845,17.4257
65853,Evidence Makgopa,South Africa,Center Forward,623.7404,1,5.6273,4.0016,7.6928,15.2948
68749,Seifeddine Jaziri,Tunisia,Center Forward,81.9264,0,5.4927,1.7835,12.8182,7.6898
3639,Georges-Kevin N'Koudou,Cameroon,Left Wing,411.5619,0,5.467,3.5379,8.0703,8.3098
18516,Habib Diallo,Senegal,Center Forward,313.3999,0,5.4563,3.285,8.5207,22.9738
23420,Lubambo Musonda,Zambia,Left Back,231.0806,0,5.4526,2.981,9.1486,11.2948
26825,Noah Sonko-Sundberg,Gambia,Right Defensive Midfield,82.5361,0,5.4522,1.7703,12.7235,14.1756
32015,Hichem Boudaoui,Algeria,Right Center Midfield,66.2373,0,5.435,1.4809,13.9158,10.87
8553,Abdou Diallo,Senegal,Center Back,298.501,0,5.4271,3.2165,8.5772,7.2362
29816,Ibou Touray,Gambia,Left Back,83.0025,0,5.4215,1.7604,12.652,7.5901
125324,Lloyd Junior Kazapua,Namibia,Goalkeeper,400.6129,0,5.3917,3.4546,8.0225,0.2247
23559,Pepín Machín,Equatorial Guinea,Center Attacking Midfield,384.2283,0,5.3874,3.4152,8.0838,12.1803
136298,Santiago Eneme,Equatorial Guinea,Left Wing,50.2586,0,5.3722,1.1079,15.6999,21.4889
8785,Patson Daka,Zambia,Left Center Forward,301.7845,0,5.3681,3.1815,8.4839,14.0166
127300,Geny Cipriano Catamo,Mozambique,Right Attacking Midfield,201.7395,0,5.3534,2.7662,9.3514,8.0302
5647,Ali Maâloul,Tunisia,Left Back,101.0395,0,5.3444,1.9613,11.6326,8.0167
151066,Kelvin Kapumbu,Zambia,Right Defensive Midfield,151.6567,0,5.341,2.4422,10.1389,5.9345
11515,Ismaël Bennacer,Algeria,Left Center Midfield,84.3476,0,5.3351,1.7323,12.4503,10.6701
135849,Neblú,Angola,Goalkeeper,321.6543,0,5.3163,3.2007,8.302,0.0
3923,Semi Ajayi,Nigeria,Right Center Back,745.0605,1,5.315,3.8619,7.1351,5.5566
380983,Zé Turbo,Guinea-Bissau,Right Wing,68.1863,0,5.2797,1.4385,13.518,11.8792
7379,Edouard Mendy,Senegal,Goalkeeper,443.3156,0,5.2784,3.448,7.7341,0.406
18724,Sofiane Feghouli,Algeria,Center Attacking Midfield,51.1794,0,5.2756,1.0879,15.4174,12.3097
10705,Mamadou Fofana,Mali,Center Defensive Midfield,52.118,0,5.1806,1.0684,15.1398,10.3611
10448,Adam Ounas,Algeria,Right Wing,123.1372,0,5.1162,2.057,10.5414,6.578
7386,Harold Moukoudi,Cameroon,Left Center Back,106.6109,0,5.0651,1.8588,11.0247,6.7535
35592,Anis Slimane,Tunisia,Left Center Forward,236.947,0,4.9378,2.6292,8.4438,20.8907
105952,Yusupha Bobb,Gambia,Left Defensive Midfield,73.0116,0,4.9307,1.3435,12.6246,18.4902
103465,Baghdad Bounedjah,Algeria,Center Forward,283.26,0,4.7659,2.6675,7.8607,13.3446
199653,Nene Dorgeles,Mali,Left Midfield,207.9772,0,4.7601,2.3762,8.5172,16.4441
105932,Vózinha,Cape Verde Islands,Goalkeeper,548.6061,1,4.7575,3.1862,6.8326,0.0
16001,Garry Rodrigues,Cape Verde Islands,Left Wing,228.5964,0,4.7245,2.4412,8.2527,15.7483
149714,Abde Ezzalzouli,Morocco,Left Midfield,210.3823,0,4.7057,2.3491,8.4198,14.545
3013,Nicolas Pépé,Côte d'Ivoire,Center Forward,249.3692,0,4.6918,2.4982,8.0232,7.2182
8012,José Kanté,Guinea,Center Forward,19.2662,0,4.6714,0.1183,26.0273,46.7139
11277,Victor Osimhen,Nigeria,Center Forward,710.5967,1,4.5595,3.1935,6.3123,11.6522
7378,Yunis Abdelhamid,Morocco,Left Center Back,99.8564,0,4.5065,1.4632,10.5166,3.6052
12496,Christian Kouamé,Côte d'Ivoire,Right Wing,241.1988,0,4.4776,2.3137,7.8215,13.0598
105765,Jesús Owono,Equatorial Guinea,Goalkeeper,408.5194,0,4.4062,2.6914,6.8049,0.0
5261,Trézéguet,Egypt,Left Wing,245.6492,0,4.3965,2.2717,7.6798,11.724
43073,Yvan Neyou,Cameroon,Center Defensive Midfield,82.3261,0,4.3729,1.1915,11.1962,14.2118
18651,Carlos Mané,Guinea-Bissau,Left Wing,83.5701,0,4.3078,1.1737,11.0296,14.0002
127547,Stanley Ratifo,Mozambique,Center Forward,146.3664,0,4.3043,1.7305,8.8684,11.683
358410,Stanley Bobo Nwabali,Nigeria,Goalkeeper,723.6159,1,4.2288,2.9285,5.9093,0.0
189348,Frank Magri,Cameroon,Center Forward,365.1148,0,4.1905,2.4411,6.7093,17.9943
4388,Kouakou Herve Koffi,Burkina Faso,Goalkeeper,415.8625,0,4.1119,2.4757,6.4213,0.0
182573,Ibrahim Kone,Guinea,Goalkeeper,506.4393,1,4.0874,2.591,6.133,0.0
2956,Bertrand Traoré,Burkina Faso,Right Wing,224.1023,0,4.016,1.9258,7.3856,5.2208
422691,José Nabil,Equatorial Guinea,Right Wing,22.4108,0,4.0159,0.1017,22.3753,20.0796
33342,Ebrima Colley,Gambia,Right Midfield,89.6472,0,4.0157,1.0942,10.2819,13.0512
66721,Ronwen Williams,South Africa,Goalkeeper,763.2034,1,4.0094,2.7766,5.6028,0.1179
29164,Hamza Barry,Gambia,Left Defensive Midfield,67.6033,0,3.9939,0.8236,11.6718,29.2885
8050,Tarik Tissoudali,Morocco,Center Forward,22.8509,0,3.9386,0.0997,21.9443,27.57
105936,Gilson Tavares,Cape Verde Islands,Center Forward,137.5565,0,3.9257,1.4406,8.5445,16.3569
35413,Lionel Mpasi-Nzau,Congo DR,Goalkeeper,643.3413,1,3.917,2.6029,5.6612,0.1399
6785,Yassine Bounou,Morocco,Goalkeeper,416.3427,0,3.891,2.3061,6.1495,0.2162
23623,Sekou Koita,Mali,Right Center Forward,186.1371,0,3.8681,1.67,7.6217,14.5054
389641,Domingos Macandza,Mozambique,Right Back,189.2019,0,3.8055,1.6429,7.4983,7.1352
3551,Karl Toko Ekambi,Cameroon,Right Wing,308.6022,0,3.7913,2.0187,6.4832,8.4575
41381,Anthony Mandréa,Algeria,Goalkeeper,314.1448,0,3.7244,1.9831,6.3688,0.0
34335,Terem Moffi,Nigeria,Center Forward,24.2941,0,3.7046,0.0938,20.6408,11.1138
9286,Antoine Semenyo,Ghana,Center Forward,244.5945,0,3.6796,1.7645,6.7668,18.7658
10854,Dálcio,Guinea-Bissau,Center Attacking Midfield,122.9365,0,3.6604,1.1885,8.5422,22.6946
3709,Daniel Amartey,Ghana,Right Center Back,24.5995,0,3.6586,0.0926,20.3845,0.0
20840,Zinho Gano,Guinea-Bissau,Center Forward,49.2791,0,3.6527,0.4424,13.1947,20.0897
8064,André Onana,Cameroon,Goalkeeper,102.0929,0,3.5262,0.9608,9.0285,0.0
6301,Youssef En-Nesyri,Morocco,Center Forward,282.3315,0,3.5065,1.7504,6.2741,16.5763
3557,Naïm Sliti,Tunisia,Center Attacking Midfield,26.0418,0,3.456,0.0875,19.2555,17.2799
9102,Serhou Guirassy,Guinea,Left Center Forward,132.2422,0,3.4028,1.1049,7.9411,6.1251
40868,Amadou Dante,Mali,Left Back,26.9723,0,3.3368,0.0845,18.5912,3.3368
8673,Sébastien Haller,Côte d'Ivoire,Center Forward,330.6301,0,3.2665,1.6878,5.7059,13.066
389156,Tresford Lawrence Mulenga,Zambia,Goalkeeper,303.9512,0,3.2571,1.6259,5.8279,0.0
33401,Amine Adli,Morocco,Right Wing,166.4099,0,3.245,1.1909,7.063,16.7658
50938,Ali Sowe,Gambia,Center Forward,168.7499,0,3.2,1.1743,6.9651,17.0667
51941,Mohamed Badamosi,Gambia,Right Center Forward,57.3699,0,3.1375,0.38,11.3338,21.9627
36629,Yahia Fofana,Côte d'Ivoire,Goalkeeper,776.9449,1,3.1276,2.0611,4.5505,0.0
128881,Mabululu,Angola,Center Forward,433.589,0,3.1135,1.7426,5.1353,14.5299
5257,Kahraba,Egypt,Right Center Forward,29.2119,0,3.0809,0.078,17.1659,12.3237
5229,Ayoub El Kaabi,Morocco,Center Forward,146.9089,0,3.0631,0.9946,7.1483,15.9282
136064,Ernan Alberto Siluane,Mozambique,Goalkeeper,206.8413,0,3.0458,1.2246,6.2755,0.0
62627,Junior Tchamadeu,Cameroon,Right Midfield,29.6972,0,3.0306,0.0767,16.8854,21.2141
136296,Bechir Ben Said,Tunisia,Goalkeeper,299.5773,0,3.0042,1.4406,5.5249,0.3004
24826,Simon Banza,Congo DR,Center Forward,210.6294,0,2.991,1.2026,6.1627,23.501
68757,Richard Ofori Antwi,Ghana,Goalkeeper,306.7495,0,2.934,1.407,5.3957,0.5868
13581,Emilio Nsue,Equatorial Guinea,Center Forward,374.0216,0,2.8875,1.492,5.0439,8.1813
103270,Simon Happygod Msuva,Tanzania,Right Wing,252.1067,0,2.8559,1.233,5.6273,12.1377
217047,Fares Chaïbi,Algeria,Right Center Midfield,126.7474,0,2.8403,0.7739,7.2723,9.941
36951,Babacar Niasse,Mauritania,Goalkeeper,414.3065,0,2.824,1.5037,4.8291,0.4345
103262,Aishi Manula,Tanzania,Goalkeeper,298.7998,0,2.7108,1.2396,5.146,0.0
36552,Ouparine Djoco,Guinea-Bissau,Goalkeeper,202.5174,0,2.6664,0.9785,5.8037,0.0
161718,Ivane Carminio Francisco Urrubal,Mozambique,Goalkeeper,101.2755,0,2.666,0.5498,7.7912,0.0
8454,Mohamed Bayo,Guinea,Right Center Forward,415.4719,0,2.5995,1.3432,4.5407,10.3978
5265,Mohamed El Shenawy,Egypt,Goalkeeper,314.1834,0,2.5781,1.1789,4.8941,0.0
66879,Mohamed Abougabal,Egypt,Goalkeeper,139.6747,0,2.5774,0.7023,6.5992,0.0
3130,Gaël Kakuta,Congo DR,Center Attacking Midfield,284.2792,0,2.5327,1.0934,4.9905,14.8797
51750,Youssoufou Niakaté,Mali,Right Center Forward,72.8093,0,2.4722,0.2994,8.9305,6.1805
408824,Signori António,Angola,Goalkeeper,183.1892,0,2.4565,0.7976,5.7326,0.0
6862,Cédric Bakambu,Congo DR,Center Forward,411.9069,0,2.4035,1.1998,4.3004,11.7988
185579,Baboucarr Gaye,Gambia,Goalkeeper,309.1312,0,2.3291,1.0055,4.5893,1.1646
2941,Ismaïla Sarr,Senegal,Right Wing,352.8756,0,2.2954,1.0496,4.3574,15.5579
3811,Islam Slimani,Algeria,Left Center Forward,83.2639,0,2.1618,0.2618,7.8092,6.4854
50497,Nicolas Jackson,Senegal,Center Forward,129.2991,0,2.0882,0.4306,6.1026,25.0582
8992,Ibrahim Sissoko,Mali,Center Forward,91.1618,0,1.9745,0.2391,7.1326,5.9235
68500,Jonas Mendes,Guinea-Bissau,Goalkeeper,99.408,0,1.8107,0.2193,6.5409,0.0
102992,Djigui Diarra,Mali,Goalkeeper,540.0627,1,1.4998,0.6858,2.8471,0.0
24670,Fabrice Ondoa,Cameroon,Goalkeeper,314.2635,0,1.4319,0.4649,3.3416,0.2864
43920,Mohamed Konaté,Burkina Faso,Left Center Forward,262.8432,0,1.3696,0.3732,3.5068,15.066
138875,Djibril Cheick Ouattara,Burkina Faso,Left Wing,67.3457,0,1.3364,0.0338,7.4459,4.0092
106082,Lau King,Mozambique,Center Forward,141.8338,0,1.2691,0.1537,4.5844,9.5182
22823,Dimitry Bertaud,Congo DR,Goalkeeper,97.2752,0,0.9252,0.0234,5.1549,0.0
103797,Denzil Haoseb,Namibia,Center Forward,4.8556,0,0.0,0.0,68.3738,0.0
5454,Francis Uzoho,Nigeria,Goalkeeper,21.4446,0,0.0,0.0,15.4817,0.0
408160,Dramane Salou,Burkina Faso,Right Center Midfield,15.3316,0,0.0,0.0,21.6545,11.7404
47721,Abdulia Sanyang,Gambia,Left Center Forward,13.7342,0,0.0,0.0,24.1732,26.2119
32767,Hassane Bandé,Burkina Faso,Center Attacking Midfield,23.8457,0,0.0,0.0,13.9228,15.0971
41134,Marvin Anieboh,Equatorial Guinea,Right Back,19.1008,0,0.0,0.0,17.3814,9.4237
15311,Koka,Egypt,Right Center Forward,17.785,0,0.0,0.0,18.6674,10.1209
9859,Elisha Owusu,Ghana,Left Defensive Midfield,8.6925,0,0.0,0.0,38.1937,10.3538
417068,João Bonde,Mozambique,Right Center Midfield,9.8495,0,0.0,0.0,33.7073,18.2751
19426,Tarryn Allarakhia,Tanzania,Left Wing,37.5,0,0.0,0.0,8.8533,21.6
159949,Wendell Rudath,Namibia,Left Wing,22.5154,0,0.0,0.0,14.7454,15.9891
3139,Chidozie Awaziem,Nigeria,Right Wing Back,1.9955,0,0.0,0.0,166.3697,0.0
