match_id,team_id,team,opp_id,opponent,is_home,goals_scoreline,goals_conceded_scoreline,shots,shot_goals,xg,np_shots,np_goals,npxg,own_goals_for,goals_for,shots_against,xg_against,npxg_against,goals_against,match_date,stage,went_to_shootout,went_to_extra_time,goal_diff,xg_diff,points,p_win_from_xg,p_draw_from_xg,expected_points
3920384,3374,Côte d'Ivoire,4894,Guinea-Bissau,1,2,0,10,2,0.7069,10,2,0.7069,0.0,2.0,10,0.5296,0.5296,0.0,2024-01-13,Group Stage,False,False,2.0,0.1773,3,0.3508,0.4097,1.462
3920384,4894,Guinea-Bissau,3374,Côte d'Ivoire,0,0,2,10,0,0.5296,10,0,0.5296,0.0,0.0,10,0.7069,0.7069,2.0,2024-01-13,Group Stage,False,False,-2.0,-0.1773,0,0.2395,0.4097,1.1283
3920386,775,Nigeria,4992,Equatorial Guinea,1,1,1,19,1,2.6873,19,1,2.6873,0.0,1.0,8,0.3321,0.3321,1.0,2024-01-14,Group Stage,False,False,0.0,2.3552,1,0.8682,0.1032,2.7079
3920386,4992,Equatorial Guinea,775,Nigeria,0,1,1,8,1,0.3321,8,1,0.3321,0.0,1.0,19,2.6873,2.6873,1.0,2024-01-14,Group Stage,False,False,0.0,-2.3552,1,0.0286,0.1032,0.189
3920385,774,Egypt,4978,Mozambique,1,2,2,22,2,1.9292,21,1,1.1457,0.0,2.0,6,0.7282,0.7282,2.0,2024-01-14,Group Stage,False,False,0.0,1.201,1,0.6579,0.2092,2.1828
3920385,4978,Mozambique,774,Egypt,0,2,2,6,2,0.7282,6,2,0.7282,0.0,2.0,22,1.9292,1.1457,2.0,2024-01-14,Group Stage,False,False,0.0,-1.201,1,0.133,0.2092,0.6081
3920387,4885,Ghana,4924,Cape Verde Islands,1,1,2,11,1,1.4379,11,1,1.4379,0.0,1.0,15,2.7202,2.7202,2.0,2024-01-14,Group Stage,False,False,-1.0,-1.2823,0,0.184,0.1701,0.7222
3920387,4924,Cape Verde Islands,4885,Ghana,0,2,1,15,2,2.7202,15,2,2.7202,0.0,2.0,11,1.4379,1.4379,1.0,2024-01-14,Group Stage,False,False,1.0,1.2823,3,0.6459,0.1701,2.1077
3920388,787,Senegal,4934,Gambia,1,3,0,14,3,1.7207,14,3,1.7207,0.0,3.0,12,1.0084,1.0084,0.0,2024-01-15,Group Stage,False,False,3.0,0.7123,3,0.5409,0.2383,1.8608
3920388,4934,Gambia,787,Senegal,0,0,3,12,0,1.0084,12,0,1.0084,0.0,0.0,14,1.7207,1.7207,3.0,2024-01-15,Group Stage,False,False,-3.0,-0.7123,0,0.2209,0.2383,0.9009
3920389,2722,Cameroon,4892,Guinea,1,1,1,13,1,0.8792,13,1,0.8792,0.0,1.0,6,0.7102,0.7102,1.0,2024-01-15,Group Stage,False,False,0.0,0.169,1,0.372,0.3528,1.4688
3920389,4892,Guinea,2722,Cameroon,0,1,1,6,1,0.7102,6,1,0.7102,0.0,1.0,13,0.8792,0.8792,1.0,2024-01-15,Group Stage,False,False,0.0,-0.169,1,0.2752,0.3528,1.1784
3920390,4898,Algeria,4901,Angola,1,1,1,16,1,0.6969,16,1,0.6969,0.0,1.0,7,1.1975,0.414,1.0,2024-01-15,Group Stage,False,False,0.0,-0.5005,1,0.2153,0.3047,0.9506
3920390,4901,Angola,4898,Algeria,0,1,1,7,1,1.1975,6,0,0.414,0.0,1.0,16,0.6969,0.6969,1.0,2024-01-15,Group Stage,False,False,0.0,0.5005,1,0.48,0.3047,1.7447
3920392,4921,Burkina Faso,4932,Mauritania,1,1,0,11,1,1.1367,10,0,0.3532,0.0,1.0,9,0.5157,0.5157,0.0,2024-01-16,Group Stage,False,False,1.0,0.621,3,0.5112,0.3215,1.8551
3920392,4932,Mauritania,4921,Burkina Faso,0,0,1,9,0,0.5157,9,0,0.5157,0.0,0.0,11,1.1367,0.3532,1.0,2024-01-16,Group Stage,False,False,-1.0,-0.621,0,0.1673,0.3215,0.8234
3920393,777,Tunisia,4980,Namibia,1,0,1,9,0,0.8707,9,0,0.8707,0.0,0.0,13,1.6101,1.6101,1.0,2024-01-16,Group Stage,False,False,-1.0,-0.7394,0,0.2028,0.2491,0.8575
3920393,4980,Namibia,777,Tunisia,0,1,0,13,1,1.6101,13,1,1.6101,0.0,1.0,9,0.8707,0.8707,0.0,2024-01-16,Group Stage,False,False,1.0,0.7394,3,0.5481,0.2491,1.8934
3920391,4930,Mali,4976,South Africa,1,2,0,16,2,2.342,16,2,2.342,0.0,2.0,12,1.3899,0.6064,0.0,2024-01-16,Group Stage,False,False,2.0,0.9521,3,0.5872,0.1936,1.9551
3920391,4976,South Africa,4930,Mali,0,0,2,12,0,1.3899,11,0,0.6064,0.0,0.0,16,2.342,2.342,2.0,2024-01-16,Group Stage,False,False,-2.0,-0.9521,0,0.2192,0.1936,0.8513
3920394,788,Morocco,4953,Tanzania,1,3,0,15,3,2.3003,15,3,2.3003,0.0,3.0,2,0.0119,0.0119,0.0,2024-01-17,Group Stage,False,False,3.0,2.2884,3,0.897,0.1018,2.7928
3920394,4953,Tanzania,788,Morocco,0,0,3,2,0,0.0119,2,0,0.0119,0.0,0.0,15,2.3003,2.3003,3.0,2024-01-17,Group Stage,False,False,-3.0,-2.2884,0,0.0012,0.1018,0.1054
3920395,4881,Congo DR,4963,Zambia,1,1,1,27,1,2.6823,27,1,2.6823,0.0,1.0,3,0.0964,0.0964,1.0,2024-01-17,Group Stage,False,False,0.0,2.5858,1,0.9136,0.0793,2.8201
3920395,4963,Zambia,4881,Congo DR,0,1,1,3,1,0.0964,3,1,0.0964,0.0,1.0,27,2.6823,2.6823,1.0,2024-01-17,Group Stage,False,False,0.0,-2.5858,1,0.0071,0.0793,0.1006
3920397,4992,Equatorial Guinea,4894,Guinea-Bissau,1,4,2,8,4,1.7775,8,4,1.7775,0.0,4.0,12,1.0344,1.0344,2.0,2024-01-18,Group Stage,False,False,2.0,0.7431,3,0.548,0.233,1.8769
3920397,4894,Guinea-Bissau,4992,Equatorial Guinea,0,2,4,12,1,1.0344,12,1,1.0344,1.0,2.0,8,1.7775,1.7775,4.0,2024-01-18,Group Stage,False,False,-2.0,-0.7431,0,0.219,0.233,0.8901
3920398,3374,Côte d'Ivoire,775,Nigeria,1,0,1,14,0,0.6072,14,0,0.6072,0.0,0.0,11,1.5756,0.7921,1.0,2024-01-18,Group Stage,False,False,-1.0,-0.9683,0,0.1413,0.2493,0.6732
3920398,775,Nigeria,3374,Côte d'Ivoire,0,1,0,11,1,1.5756,10,0,0.7921,0.0,1.0,14,0.6072,0.6072,0.0,2024-01-18,Group Stage,False,False,1.0,0.9683,3,0.6094,0.2493,2.0776
3920396,774,Egypt,4885,Ghana,1,2,2,11,2,1.2036,11,2,1.2036,0.0,2.0,6,0.4259,0.4259,2.0,2024-01-18,Group Stage,False,False,0.0,0.7776,1,0.5588,0.3102,1.9866
3920396,4885,Ghana,774,Egypt,0,2,2,6,2,0.4259,6,2,0.4259,0.0,2.0,11,1.2036,1.2036,2.0,2024-01-18,Group Stage,False,False,0.0,-0.7776,1,0.131,0.3102,0.7032
3920399,4924,Cape Verde Islands,4978,Mozambique,1,3,0,11,3,0.599,11,3,0.599,0.0,3.0,8,0.331,0.331,0.0,2024-01-19,Group Stage,False,False,3.0,0.268,3,0.3535,0.4767,1.5372
3920399,4978,Mozambique,4924,Cape Verde Islands,0,0,3,8,0,0.331,8,0,0.331,0.0,0.0,11,0.599,0.599,3.0,2024-01-19,Group Stage,False,False,-3.0,-0.268,0,0.1698,0.4767,0.9861
3920400,787,Senegal,2722,Cameroon,1,3,1,5,3,1.2312,5,3,1.2312,0.0,3.0,5,0.2485,0.2485,1.0,2024-01-19,Group Stage,False,False,2.0,0.9826,3,0.623,0.3029,2.1718
3920400,2722,Cameroon,787,Senegal,0,1,3,5,1,0.2485,5,1,0.2485,0.0,1.0,5,1.2312,1.2312,3.0,2024-01-19,Group Stage,False,False,-2.0,-0.9826,0,0.0742,0.3029,0.5254
3920401,4892,Guinea,4934,Gambia,1,1,0,16,1,2.4385,16,1,2.4385,0.0,1.0,7,0.2545,0.2545,0.0,2024-01-19,Group Stage,False,False,1.0,2.184,3,0.8573,0.1167,2.6885
3920401,4934,Gambia,4892,Guinea,0,0,1,7,0,0.2545,7,0,0.2545,0.0,0.0,16,2.4385,2.4385,1.0,2024-01-19,Group Stage,False,False,-1.0,-2.184,0,0.0261,0.1167,0.1948
3920402,4898,Algeria,4921,Burkina Faso,1,2,2,15,2,1.998,15,2,1.998,0.0,2.0,7,1.259,0.4755,2.0,2024-01-20,Group Stage,False,False,0.0,0.7391,1,0.5454,0.2163,1.8524
3920402,4921,Burkina Faso,4898,Algeria,0,2,2,7,2,1.259,6,1,0.4755,0.0,2.0,15,1.998,1.998,2.0,2024-01-20,Group Stage,False,False,0.0,-0.7391,1,0.2384,0.2163,0.9314
3920403,4932,Mauritania,4901,Angola,1,2,3,14,2,1.1113,14,2,1.1113,0.0,2.0,20,2.044,2.044,3.0,2024-01-20,Group Stage,False,False,-1.0,-0.9326,0,0.2007,0.2105,0.8126
3920403,4901,Angola,4932,Mauritania,0,3,2,20,3,2.044,20,3,2.044,0.0,3.0,14,1.1113,1.1113,2.0,2024-01-20,Group Stage,False,False,1.0,0.9326,3,0.5888,0.2105,1.9769
3920404,777,Tunisia,4930,Mali,1,1,1,5,1,0.53,5,1,0.53,0.0,1.0,12,0.8458,0.8458,1.0,2024-01-20,Group Stage,False,False,0.0,-0.3157,1,0.2154,0.3792,1.0253
3920404,4930,Mali,777,Tunisia,0,1,1,12,1,0.8458,12,1,0.8458,0.0,1.0,5,0.53,0.53,1.0,2024-01-20,Group Stage,False,False,0.0,0.3157,1,0.4054,0.3792,1.5954
3920405,788,Morocco,4881,Congo DR,1,1,1,11,1,1.0546,11,1,1.0546,0.0,1.0,11,2.3102,1.5267,1.0,2024-01-21,Group Stage,False,False,0.0,-1.2556,1,0.159,0.1863,0.6634
3920405,4881,Congo DR,788,Morocco,0,1,1,11,1,2.3102,10,1,1.5267,0.0,1.0,11,1.0546,1.0546,1.0,2024-01-21,Group Stage,False,False,0.0,1.2556,1,0.6547,0.1863,2.1503
3920406,4963,Zambia,4953,Tanzania,1,1,1,11,1,0.7972,11,1,0.7972,0.0,1.0,6,0.3904,0.3904,1.0,2024-01-21,Group Stage,False,False,0.0,0.4068,1,0.4246,0.4075,1.6812
3920406,4953,Tanzania,4963,Zambia,0,1,1,6,1,0.3904,6,1,0.3904,0.0,1.0,11,0.7972,0.7972,1.0,2024-01-21,Group Stage,False,False,0.0,-0.4068,1,0.1679,0.4075,0.9113
3920407,4976,South Africa,4980,Namibia,1,4,0,12,4,2.2157,11,3,1.4322,0.0,4.0,4,0.5685,0.5685,0.0,2024-01-21,Group Stage,False,False,4.0,1.6471,3,0.7519,0.1678,2.4236
3920407,4980,Namibia,4976,South Africa,0,0,4,4,0,0.5685,4,0,0.5685,0.0,0.0,12,2.2157,1.4322,4.0,2024-01-21,Group Stage,False,False,-4.0,-1.6471,0,0.0803,0.1678,0.4086
3920408,4992,Equatorial Guinea,3374,Côte d'Ivoire,1,4,0,10,4,1.0927,10,4,1.0927,0.0,4.0,22,2.0695,2.0695,0.0,2024-01-22,Group Stage,False,False,4.0,-0.9768,3,0.1936,0.2079,0.7888
3920408,3374,Côte d'Ivoire,4992,Equatorial Guinea,0,0,4,22,0,2.0695,22,0,2.0695,0.0,0.0,10,1.0927,1.0927,4.0,2024-01-22,Group Stage,False,False,-4.0,0.9768,0,0.5985,0.2079,2.0034
3920409,4894,Guinea-Bissau,775,Nigeria,1,0,1,12,0,0.3515,12,0,0.3515,0.0,0.0,11,0.9708,0.9708,1.0,2024-01-22,Group Stage,False,False,-1.0,-0.6193,0,0.1313,0.3655,0.7594
3920409,775,Nigeria,4894,Guinea-Bissau,0,1,0,11,0,0.9708,11,0,0.9708,1.0,1.0,12,0.3515,0.3515,0.0,2024-01-22,Group Stage,False,False,1.0,0.6193,3,0.5032,0.3655,1.875
3920410,4978,Mozambique,4885,Ghana,1,2,2,14,2,1.5396,13,1,0.7561,0.0,2.0,8,1.8432,0.2762,2.0,2024-01-22,Group Stage,False,False,0.0,-0.3035,1,0.3247,0.2245,1.1987
3920410,4885,Ghana,4978,Mozambique,0,2,2,8,2,1.8432,6,0,0.2762,0.0,2.0,14,1.5396,0.7561,2.0,2024-01-22,Group Stage,False,False,0.0,0.3035,1,0.4508,0.2245,1.5768
3920411,4924,Cape Verde Islands,774,Egypt,1,2,2,6,2,0.407,6,2,0.407,0.0,2.0,27,1.7645,1.7645,2.0,2024-01-22,Group Stage,False,False,0.0,-1.3575,1,0.0788,0.2118,0.4481
3920411,774,Egypt,4924,Cape Verde Islands,0,2,2,27,2,1.7645,27,2,1.7645,0.0,2.0,6,0.407,0.407,2.0,2024-01-22,Group Stage,False,False,0.0,1.3575,1,0.7094,0.2118,2.34
3920412,4892,Guinea,787,Senegal,1,0,2,4,0,0.5532,4,0,0.5532,0.0,0.0,12,0.9428,0.9428,2.0,2024-01-23,Group Stage,False,False,-2.0,-0.3896,0,0.2081,0.357,0.9813
3920412,787,Senegal,4892,Guinea,0,2,0,12,2,0.9428,12,2,0.9428,0.0,2.0,4,0.5532,0.5532,0.0,2024-01-23,Group Stage,False,False,2.0,0.3896,3,0.4349,0.357,1.6617
3920413,4934,Gambia,2722,Cameroon,1,2,3,15,2,1.2965,15,2,1.2965,0.0,2.0,13,1.3672,1.3672,3.0,2024-01-23,Group Stage,False,False,-1.0,-0.0707,0,0.3536,0.26,1.3208
3920413,2722,Cameroon,4934,Gambia,0,3,2,13,2,1.3672,13,2,1.3672,1.0,3.0,15,1.2965,1.2965,2.0,2024-01-23,Group Stage,False,False,1.0,0.0707,3,0.3864,0.26,1.4192
3920414,4901,Angola,4921,Burkina Faso,1,2,0,6,2,0.8843,6,2,0.8843,0.0,2.0,20,0.9952,0.9952,0.0,2024-01-23,Group Stage,False,False,2.0,-0.111,3,0.3104,0.3196,1.2508
3920414,4921,Burkina Faso,4901,Angola,0,0,2,20,0,0.9952,20,0,0.9952,0.0,0.0,6,0.8843,0.8843,2.0,2024-01-23,Group Stage,False,False,-2.0,0.111,0,0.37,0.3196,1.4296
3920415,4932,Mauritania,4898,Algeria,1,1,0,17,1,1.3283,17,1,1.3283,0.0,1.0,16,1.1864,1.1864,0.0,2024-01-23,Group Stage,False,False,1.0,0.1419,3,0.3995,0.2683,1.4669
3920415,4898,Algeria,4932,Mauritania,0,0,1,16,0,1.1864,16,0,1.1864,0.0,0.0,17,1.3283,1.3283,1.0,2024-01-23,Group Stage,False,False,-1.0,-0.1419,0,0.3322,0.2683,1.2648
3920416,4976,South Africa,777,Tunisia,1,0,0,11,0,0.5204,11,0,0.5204,0.0,0.0,11,1.0177,1.0177,0.0,2024-01-24,Group Stage,False,False,0.0,-0.4973,1,0.1852,0.3445,0.9002
3920416,777,Tunisia,4976,South Africa,0,0,0,11,0,1.0177,11,0,1.0177,0.0,0.0,11,0.5204,0.5204,0.0,2024-01-24,Group Stage,False,False,0.0,0.4973,1,0.4702,0.3445,1.7552
3920417,4980,Namibia,4930,Mali,1,0,0,5,0,0.6562,5,0,0.6562,0.0,0.0,11,0.6812,0.6812,0.0,2024-01-24,Group Stage,False,False,0.0,-0.0251,1,0.2955,0.3937,1.2802
3920417,4930,Mali,4980,Namibia,0,0,0,11,0,0.6812,11,0,0.6812,0.0,0.0,5,0.6562,0.6562,0.0,2024-01-24,Group Stage,False,False,0.0,0.0251,1,0.3108,0.3937,1.3262
3920418,4953,Tanzania,4881,Congo DR,1,0,0,4,0,0.0586,4,0,0.0586,0.0,0.0,9,0.6591,0.6591,0.0,2024-01-24,Group Stage,False,False,0.0,-0.6005,1,0.03,0.5069,0.5969
3920418,4881,Congo DR,4953,Tanzania,0,0,0,9,0,0.6591,9,0,0.6591,0.0,0.0,4,0.0586,0.0586,0.0,2024-01-24,Group Stage,False,False,0.0,0.6005,1,0.4631,0.5069,1.8962
3920419,4963,Zambia,788,Morocco,1,0,1,11,0,0.44,11,0,0.44,0.0,0.0,19,2.4215,2.4215,1.0,2024-01-24,Group Stage,False,False,-1.0,-1.9815,0,0.0501,0.1364,0.2868
3920419,788,Morocco,4963,Zambia,0,1,0,19,1,2.4215,19,1,2.4215,0.0,1.0,11,0.44,0.44,0.0,2024-01-24,Group Stage,False,False,1.0,1.9815,3,0.8135,0.1364,2.5769
3922237,4901,Angola,4980,Namibia,1,3,0,11,3,1.5855,11,3,1.5855,0.0,3.0,12,0.8708,0.8708,0.0,2024-01-27,Round of 16,False,False,3.0,0.7147,3,0.5419,0.2519,1.8776
3922237,4980,Namibia,4901,Angola,0,0,3,12,0,0.8708,12,0,0.8708,0.0,0.0,11,1.5855,1.5855,3.0,2024-01-27,Round of 16,False,False,-3.0,-0.7147,0,0.2062,0.2519,0.8706
3922238,775,Nigeria,2722,Cameroon,1,2,0,8,2,1.3097,8,2,1.3097,0.0,2.0,6,0.3006,0.3006,0.0,2024-01-27,Round of 16,False,False,2.0,1.0091,3,0.6294,0.2866,2.1747
3922238,2722,Cameroon,775,Nigeria,0,0,2,6,0,0.3006,6,0,0.3006,0.0,0.0,8,1.3097,1.3097,2.0,2024-01-27,Round of 16,False,False,-2.0,-1.0091,0,0.084,0.2866,0.5387
3922239,4992,Equatorial Guinea,4892,Guinea,1,0,1,5,0,0.9561,4,0,0.1726,0.0,0.0,10,0.5573,0.5573,1.0,2024-01-28,Round of 16,False,False,-1.0,0.3988,0,0.4385,0.3541,1.6695
3922239,4892,Guinea,4992,Equatorial Guinea,0,1,0,10,1,0.5573,10,1,0.5573,0.0,1.0,5,0.9561,0.1726,0.0,2024-01-28,Round of 16,False,False,1.0,-0.3988,3,0.2075,0.3541,0.9764
3922240,774,Egypt,4881,Congo DR,1,1,1,11,1,1.3726,10,0,0.5891,0.0,1.0,12,1.5753,1.5753,1.0,2024-01-28,Round of 16,True,True,0.0,-0.2026,1,0.3331,0.2441,1.2434
3922240,4881,Congo DR,774,Egypt,0,1,1,12,1,1.5753,12,1,1.5753,0.0,1.0,11,1.3726,0.5891,1.0,2024-01-28,Round of 16,True,True,0.0,0.2026,1,0.4228,0.2441,1.5125
3922241,4924,Cape Verde Islands,4932,Mauritania,1,1,0,18,1,1.5715,17,0,0.788,0.0,1.0,11,0.777,0.777,0.0,2024-01-29,Round of 16,False,False,1.0,0.7946,3,0.5626,0.253,1.9408
3922241,4932,Mauritania,4924,Cape Verde Islands,0,0,1,11,0,0.777,11,0,0.777,0.0,0.0,18,1.5715,0.788,1.0,2024-01-29,Round of 16,False,False,-1.0,-0.7946,0,0.1844,0.253,0.8063
3922242,787,Senegal,3374,Côte d'Ivoire,1,1,1,13,1,1.3179,13,1,1.3179,0.0,1.0,8,1.1206,0.3371,1.0,2024-01-29,Round of 16,True,True,0.0,0.1973,1,0.4113,0.2724,1.5062
3922242,3374,Côte d'Ivoire,787,Senegal,0,1,1,8,1,1.1206,7,0,0.3371,0.0,1.0,13,1.3179,1.3179,1.0,2024-01-29,Round of 16,True,True,0.0,-0.1973,1,0.3164,0.2724,1.2215
3922244,4930,Mali,4921,Burkina Faso,1,2,1,14,1,0.6658,14,1,0.6658,1.0,2.0,8,1.46,0.6765,1.0,2024-01-30,Round of 16,False,False,1.0,-0.7942,3,0.1698,0.2668,0.7761
3922244,4921,Burkina Faso,4930,Mali,0,1,2,8,1,1.46,7,0,0.6765,0.0,1.0,14,0.6658,0.6658,2.0,2024-01-30,Round of 16,False,False,-1.0,0.7942,0,0.5635,0.2668,1.9571
3922243,788,Morocco,4976,South Africa,1,0,2,13,0,2.0904,12,0,1.3069,0.0,0.0,5,0.2407,0.2407,2.0,2024-01-30,Round of 16,False,False,-2.0,1.8498,0,0.814,0.1526,2.5947
3922243,4976,South Africa,788,Morocco,0,2,0,5,2,0.2407,5,2,0.2407,0.0,2.0,13,2.0904,1.3069,0.0,2024-01-30,Round of 16,False,False,2.0,-1.8498,3,0.0334,0.1526,0.2527
3922321,775,Nigeria,4901,Angola,1,1,0,13,1,1.4617,13,1,1.4617,0.0,1.0,10,0.955,0.955,0.0,2024-02-02,Quarter-finals,False,False,1.0,0.5067,3,0.4889,0.2646,1.7312
3922321,4901,Angola,775,Nigeria,0,0,1,10,0,0.955,10,0,0.955,0.0,0.0,13,1.4617,1.4617,1.0,2024-02-02,Quarter-finals,False,False,-1.0,-0.5067,0,0.2466,0.2646,1.0043
3922356,4881,Congo DR,4892,Guinea,1,3,1,13,3,1.6526,12,2,0.8691,0.0,3.0,7,1.1352,0.3517,1.0,2024-02-02,Quarter-finals,False,False,2.0,0.5174,3,0.4943,0.2439,1.7269
3922356,4892,Guinea,4881,Congo DR,0,1,3,7,1,1.1352,6,0,0.3517,0.0,1.0,13,1.6526,0.8691,3.0,2024-02-02,Quarter-finals,False,False,-2.0,-0.5174,0,0.2618,0.2439,1.0292
3922659,4930,Mali,3374,Côte d'Ivoire,1,1,2,11,1,1.3171,10,1,0.5336,0.0,1.0,11,0.8374,0.8374,2.0,2024-02-03,Quarter-finals,False,True,-1.0,0.4797,0,0.4786,0.2838,1.7196
3922659,3374,Côte d'Ivoire,4930,Mali,0,2,1,11,2,0.8374,11,2,0.8374,0.0,2.0,11,1.3171,0.5336,1.0,2024-02-03,Quarter-finals,False,True,1.0,-0.4797,3,0.2376,0.2838,0.9966
3922658,4924,Cape Verde Islands,4976,South Africa,1,0,0,25,0,1.5099,25,0,1.5099,0.0,0.0,16,1.0967,1.0967,0.0,2024-02-03,Quarter-finals,True,True,0.0,0.4133,1,0.4676,0.2569,1.6596
3922658,4976,South Africa,4924,Cape Verde Islands,0,0,0,16,0,1.0967,16,0,1.0967,0.0,0.0,25,1.5099,1.5099,0.0,2024-02-03,Quarter-finals,True,True,0.0,-0.4133,1,0.2755,0.2569,1.0835
3922837,775,Nigeria,4976,South Africa,1,1,1,14,1,1.4913,13,0,0.7078,0.0,1.0,14,1.7585,0.975,1.0,2024-02-07,Semi-finals,True,True,0.0,-0.2672,1,0.3284,0.2301,1.2154
3922837,4976,South Africa,775,Nigeria,0,1,1,14,1,1.7585,13,0,0.975,0.0,1.0,14,1.4913,0.7078,1.0,2024-02-07,Semi-finals,True,True,0.0,0.2672,1,0.4415,0.2301,1.5545
3922838,3374,Côte d'Ivoire,4881,Congo DR,1,1,0,14,1,0.8496,14,1,0.8496,0.0,1.0,7,0.8261,0.8261,0.0,2024-02-07,Semi-finals,False,False,1.0,0.0235,3,0.3349,0.3435,1.3481
3922838,4881,Congo DR,3374,Côte d'Ivoire,0,0,1,7,0,0.8261,7,0,0.8261,0.0,0.0,14,0.8496,0.8496,1.0,2024-02-07,Semi-finals,False,False,-1.0,-0.0235,0,0.3217,0.3435,1.3085
3923880,4976,South Africa,4881,Congo DR,1,0,0,6,0,0.2662,6,0,0.2662,0.0,0.0,13,1.6816,1.6816,0.0,2024-02-10,3rd Place Final,True,False,0.0,-1.4155,1,0.0535,0.2139,0.3744
3923880,4881,Congo DR,4976,South Africa,0,0,0,13,0,1.6816,13,0,1.6816,0.0,0.0,6,0.2662,0.2662,0.0,2024-02-10,3rd Place Final,True,False,0.0,1.4155,1,0.7326,0.2139,2.4117
3923881,775,Nigeria,3374,Côte d'Ivoire,1,1,2,5,1,0.2582,5,1,0.2582,0.0,1.0,18,1.4139,1.4139,2.0,2024-02-11,Final,False,False,-1.0,-1.1557,0,0.0656,0.2629,0.4597
3923881,3374,Côte d'Ivoire,775,Nigeria,0,2,1,18,2,1.4139,18,2,1.4139,0.0,2.0,5,0.2582,0.2582,1.0,2024-02-11,Final,False,False,1.0,1.1557,3,0.6715,0.2629,2.2773
