expected,low_95,high_95,low_998,high_998
0.1,0.0,14.6371,0.0,24.6453
0.1899,0.0,9.6054,0.0,15.7807
0.2799,0.0,7.5657,0.0,12.2109
0.3698,0.0,6.4271,0.0,10.2271
0.4597,0.0,5.6871,0.0,8.9421
0.5497,0.0,5.1612,0.0,8.0315
0.6396,0.0,4.7659,0.0,7.3487
0.7295,0.0,4.4559,0.0,6.8143
0.8195,0.0,4.2049,0.0,6.3823
0.9094,0.0,3.9972,0.0,6.0254
0.9993,0.0,3.8217,0.0,5.7245
1.0893,0.0,3.6711,0.0,5.4663
1.1792,0.0,3.5403,0.0,5.2425
1.2691,0.0,3.4253,0.0,5.0461
1.3591,0.0,3.3233,0.0,4.8719
1.449,0.0,3.2321,0.0,4.7164
1.539,0.0,3.1499,0.0,4.5764
1.6289,0.0,3.0755,0.0,4.4497
1.7188,0.0,3.0077,0.0,4.3344
1.8088,0.0,2.9455,0.0,4.2287
1.8987,0.0,2.8884,0.0,4.1316
1.9886,0.0,2.8356,0.0,4.0421
2.0786,0.0,2.7866,0.0,3.959
2.1685,0.0,2.741,0.0,3.8818
2.2584,0.0,2.6986,0.0,3.8099
2.3484,0.0,2.6588,0.0,3.7425
2.4383,0.0,2.6214,0.0,3.6794
2.5282,0.0,2.5864,0.0,3.6201
2.6182,0.0,2.5533,0.0,3.5642
2.7081,0.0,2.522,0.0,3.5114
2.798,0.0,2.4925,0.0,3.4615
2.888,0.0,2.4644,0.0,3.4142
2.9779,0.0,2.4378,0.0,3.3693
3.0678,0.0,2.4124,0.0,3.3266
3.1578,0.0,2.3883,0.0,3.2859
3.2477,0.0,2.3653,0.0,3.2472
3.3376,0.0,2.3433,0.0,3.2102
3.4276,0.0,2.3222,0.0,3.1747
3.5175,0.0,2.3021,0.0,3.1409
3.6074,0.0,2.2828,0.0,3.1084
3.6974,0.0011,2.2642,0.0,3.0772
3.7873,0.0124,2.2464,0.0,3.0473
3.8773,0.0234,2.2293,0.0,3.0185
3.9672,0.034,2.2128,0.0,2.9909
4.0571,0.0443,2.1969,0.0,2.9642
4.1471,0.0543,2.1816,0.0,2.9385
4.237,0.0639,2.1668,0.0,2.9137
4.3269,0.0733,2.1525,0.0,2.8898
4.4169,0.0824,2.1387,0.0,2.8667
4.5068,0.0912,2.1254,0.0,2.8443
4.5967,0.0998,2.1125,0.0,2.8227
4.6867,0.1081,2.0999,0.0,2.8017
4.7766,0.1162,2.0878,0.0,2.7815
4.8665,0.1241,2.0761,0.0,2.7618
4.9565,0.1318,2.0647,0.0,2.7427
5.0464,0.1393,2.0536,0.0,2.7242
5.1363,0.1466,2.0428,0.0,2.7062
5.2263,0.1537,2.0324,0.0,2.6887
5.3162,0.1607,2.0222,0.0,2.6718
5.4061,0.1674,2.0123,0.0,2.6552
5.4961,0.174,2.0027,0.0,2.6392
5.586,0.1805,1.9933,0.0,2.6235
5.6759,0.1868,1.9842,0.0,2.6083
5.7659,0.193,1.9753,0.0,2.5935
5.8558,0.199,1.9666,0.0,2.579
5.9457,0.2049,1.9582,0.0,2.5649
6.0357,0.2107,1.9499,0.0,2.5511
6.1256,0.2163,1.9419,0.0,2.5377
6.2156,0.2219,1.934,0.0,2.5246
6.3055,0.2273,1.9263,0.0,2.5118
6.3954,0.2326,1.9188,0.0,2.4993
6.4854,0.2378,1.9115,0.0,2.4871
6.5753,0.2429,1.9043,0.0,2.4751
6.6652,0.2478,1.8973,0.0,2.4634
6.7552,0.2527,1.8904,0.0,2.452
6.8451,0.2575,1.8837,0.0,2.4408
6.935,0.2622,1.8771,0.0015,2.4299
7.025,0.2669,1.8707,0.0064,2.4192
7.1149,0.2714,1.8644,0.0112,2.4087
7.2048,0.2759,1.8582,0.0159,2.3984
7.2948,0.2802,1.8522,0.0206,2.3883
7.3847,0.2845,1.8462,0.0253,2.3785
7.4746,0.2887,1.8404,0.0298,2.3688
7.5646,0.2929,1.8347,0.0343,2.3593
7.6545,0.297,1.8291,0.0388,2.35
7.7444,0.301,1.8236,0.0432,2.3409
7.8344,0.3049,1.8182,0.0475,2.3319
7.9243,0.3088,1.8129,0.0518,2.3231
8.0142,0.3126,1.8077,0.056,2.3145
8.1042,0.3163,1.8026,0.0601,2.306
8.1941,0.32,1.7976,0.0643,2.2977
8.284,0.3236,1.7927,0.0683,2.2896
8.374,0.3272,1.7878,0.0723,2.2815
8.4639,0.3307,1.7831,0.0763,2.2736
8.5539,0.3342,1.7784,0.0802,2.2659
8.6438,0.3376,1.7738,0.0841,2.2583
8.7337,0.3409,1.7693,0.0879,2.2508
8.8237,0.3442,1.7648,0.0917,2.2434
8.9136,0.3475,1.7605,0.0954,2.2361
9.0035,0.3507,1.7562,0.0991,2.229
9.0935,0.3539,1.7519,0.1027,2.222
9.1834,0.357,1.7478,0.1063,2.2151
9.2733,0.3601,1.7437,0.1099,2.2083
9.3633,0.3631,1.7396,0.1134,2.2016
9.4532,0.3661,1.7356,0.1169,2.195
9.5431,0.369,1.7317,0.1203,2.1885
9.6331,0.3719,1.7279,0.1237,2.1821
9.723,0.3748,1.7241,0.127,2.1759
9.8129,0.3776,1.7203,0.1304,2.1697
9.9029,0.3804,1.7166,0.1336,2.1636
9.9928,0.3831,1.713,0.1369,2.1575
10.0827,0.3859,1.7094,0.1401,2.1516
10.1727,0.3885,1.7059,0.1433,2.1458
10.2626,0.3912,1.7024,0.1464,2.14
10.3525,0.3938,1.699,0.1495,2.1343
10.4425,0.3964,1.6956,0.1526,2.1287
10.5324,0.3989,1.6922,0.1556,2.1232
10.6223,0.4014,1.689,0.1586,2.1178
10.7123,0.4039,1.6857,0.1616,2.1124
10.8022,0.4064,1.6825,0.1646,2.1071
