player_id,player,team,primary_position,minutes,sufficient_exposure,shots_np_p90,shots_np_p90_ci_low,shots_np_p90_ci_high,key_passes_p90,key_passes_p90_ci_low,key_passes_p90_ci_high,involvement_p90,involvement_p90_ci_low,involvement_p90_ci_high,npxg_p90
408457,Idrissa Gueye,Senegal,Left Defensive Midfield,4.8629,0,18.5077,0.4686,103.1181,0.0,0.0,68.2725,18.5077,0.4686,103.1181,0.714
8050,Tarik Tissoudali,Morocco,Center Forward,22.8509,0,11.8157,2.4367,34.5306,0.0,0.0,14.5289,11.8157,2.4367,34.5306,2.8528
408674,Aboubacar Traoré,Mali,Left Defensive Midfield,8.6466,0,10.4087,0.2635,57.9938,0.0,0.0,38.3966,10.4087,0.2635,57.9938,0.0676
3557,Naïm Sliti,Tunisia,Center Attacking Midfield,26.0418,0,3.456,0.0875,19.2555,6.912,0.8371,24.9683,10.3679,2.1381,30.2995,0.0382
103464,Mohamed Youcef Belaïli,Algeria,Left Wing,191.191,0,4.7073,2.2573,8.657,2.8244,1.0365,6.1475,7.5317,4.305,12.2311,0.1478
46312,Famana Quizera,Guinea-Bissau,Right Wing,71.8958,0,5.0072,1.3643,12.8205,2.5036,0.3032,9.044,7.5109,2.7564,16.348,0.0803
128793,Taha Yassine Khenissi,Tunisia,Center Forward,13.1,0,6.8702,0.1739,38.2785,0.0,0.0,25.3434,6.8702,0.1739,38.2785,0.6864
3708,Kelechi Iheanacho,Nigeria,Right Wing,40.4285,0,6.6785,1.3773,19.5173,0.0,0.0,8.212,6.6785,1.3773,19.5173,0.3887
7900,Bebé,Cape Verde Islands,Center Forward,244.9171,0,5.8795,3.3607,9.548,0.3675,0.0093,2.0474,6.247,3.6391,10.0021,0.1868
32868,Bryan Alberto Silva Teixeira Jr.,Cape Verde Islands,Center Forward,43.589,0,4.1295,0.5001,14.9171,2.0647,0.0523,11.504,6.1942,1.2774,18.1021,0.5603
225437,Stephane Ki,Burkina Faso,Center Attacking Midfield,195.4936,0,3.683,1.5901,7.2569,2.3019,0.7474,5.3718,5.9848,3.1867,10.2343,0.0955
10854,Dálcio,Guinea-Bissau,Center Attacking Midfield,122.9365,0,2.1963,0.4529,6.4184,3.6604,1.1885,8.5422,5.8567,2.5285,11.54,0.0751
5237,Hakim Ziyech,Morocco,Right Midfield,215.8342,0,2.9189,1.1736,6.0141,2.9189,1.1736,6.0141,5.8378,3.1916,9.7949,0.1228
95042,Dango Ouattara,Burkina Faso,Center Forward,125.5235,0,2.868,0.7814,7.3432,2.868,0.7814,7.3432,5.736,2.4764,11.3022,0.2479
66878,Zizo,Egypt,Right Wing,262.331,0,3.4308,1.6452,6.3093,2.0585,0.7554,4.4804,5.4892,3.1376,8.9142,0.1532
136074,Karim Konaté,Côte d'Ivoire,Left Center Forward,82.2142,0,3.2841,0.6773,9.5975,2.1894,0.2651,7.9089,5.4735,1.7772,12.7733,0.4536
128053,Idrissa Thiam,Mauritania,Left Wing,148.5701,0,2.4231,0.6602,6.2041,3.0289,0.9835,7.0684,5.452,2.493,10.3495,0.1205
380983,Zé Turbo,Guinea-Bissau,Right Wing,68.1863,0,5.2797,1.4385,13.518,0.0,0.0,4.869,5.2797,1.4385,13.518,0.4657
105392,Simon Adingra,Côte d'Ivoire,Left Wing,312.4674,0,1.7282,0.6342,3.7615,3.4564,1.786,6.0376,5.1845,3.0727,8.1938,0.1167
16001,Garry Rodrigues,Cape Verde Islands,Left Wing,228.5964,0,3.5434,1.6203,6.7264,1.5748,0.4291,4.0322,5.1182,2.7252,8.7523,0.6062
103910,Cletous Chama,Zambia,Left Center Midfield,35.3056,0,2.5492,0.0645,14.2031,2.5492,0.0645,14.2031,5.0983,0.6174,18.417,0.0178
3130,Gaël Kakuta,Congo DR,Center Attacking Midfield,284.2792,0,2.5327,1.0934,4.9905,2.5327,1.0934,4.9905,5.0654,2.8953,8.226,0.1077
3625,Sofiane Boufal,Morocco,Left Midfield,162.2452,0,2.2189,0.6046,5.6812,2.7736,0.9006,6.4726,4.9924,2.2829,9.4772,0.1732
156734,Bilal El Khannous,Morocco,Left Center Midfield,73.6224,0,2.4449,0.2961,8.8318,2.4449,0.2961,8.8318,4.8898,1.3323,12.5199,0.3755
23623,Sekou Koita,Mali,Right Center Forward,186.1371,0,2.9011,1.0646,6.3144,1.9341,0.527,4.952,4.8351,2.3186,8.892,0.1462
136414,Luis Nlavo,Equatorial Guinea,Right Midfield,56.3328,0,4.7929,0.9884,14.007,0.0,0.0,5.8935,4.7929,0.9884,14.007,0.5267
233463,Ernest Appiah Nuamah,Ghana,Right Wing,37.5721,0,4.7908,0.5802,17.306,0.0,0.0,8.8363,4.7908,0.5802,17.306,0.1848
51941,Mohamed Badamosi,Gambia,Right Center Forward,57.3699,0,4.7063,0.9706,13.7538,0.0,0.0,5.787,4.7063,0.9706,13.7538,0.2488
8012,José Kanté,Guinea,Center Forward,19.2662,0,0.0,0.0,17.2322,4.6714,0.1183,26.0273,4.6714,0.1183,26.0273,0.0
25759,Abdoulaye Seck,Senegal,Right Center Back,116.9685,0,3.8472,1.2492,8.9781,0.7694,0.0195,4.287,4.6166,1.6942,10.0485,0.3946
17033,Mohammed Kudus,Ghana,Center Attacking Midfield,195.9626,0,4.1334,1.8901,7.8466,0.4593,0.0116,2.5589,4.5927,2.2024,8.4462,0.1882
105936,Gilson Tavares,Cape Verde Islands,Center Forward,137.5565,0,3.9257,1.4406,8.5445,0.6543,0.0166,3.6454,4.5799,1.8414,9.4364,0.337
10280,Aboubakar Kamara,Mauritania,Right Center Forward,117.9219,0,1.5264,0.1849,5.514,3.0529,0.8318,7.8166,4.5793,1.6805,9.9672,0.0673
136411,Óscar Siafá,Equatorial Guinea,Center Forward,19.7137,0,4.5654,0.1156,25.4365,0.0,0.0,16.8411,4.5654,0.1156,25.4365,0.0534
286708,Kévin Daniel Van Den Kerkhof,Algeria,Right Back,39.5656,0,4.5494,0.551,16.434,0.0,0.0,8.3911,4.5494,0.551,16.434,0.1561
23957,Jean Thierry Lazare Amani,Côte d'Ivoire,Center Attacking Midfield,40.0982,0,2.2445,0.0568,12.5055,2.2445,0.0568,12.5055,4.489,0.5436,16.2157,0.0861
16607,Assan Ceesay,Gambia,Center Forward,40.8786,0,2.2016,0.0557,12.2668,2.2016,0.0557,12.2668,4.4033,0.5333,15.9062,0.2794
106068,Gildo Lourenço,Mozambique,Left Midfield,102.598,0,2.6316,0.5427,7.6907,1.7544,0.2125,6.3376,4.3861,1.4241,10.2356,0.1305
10448,Adam Ounas,Algeria,Right Wing,123.1372,0,1.4618,0.177,5.2805,2.9236,0.7966,7.4855,4.3854,1.6093,9.5451,0.0266
6988,Musa Barrow,Gambia,Center Attacking Midfield,309.1312,0,2.3291,1.0055,4.5893,2.038,0.8194,4.199,4.3671,2.4442,7.2028,0.0777
217047,Fares Chaïbi,Algeria,Right Center Midfield,126.7474,0,2.1302,0.4393,6.2254,2.1302,0.4393,6.2254,4.2604,1.5635,9.2732,0.0776
24478,Paul Onuachu,Nigeria,Center Forward,21.6374,0,4.1595,0.1053,23.1751,0.0,0.0,15.3438,4.1595,0.1053,23.1751,0.6014
3531,Mohamed Salah,Egypt,Center Attacking Midfield,152.0774,0,1.7754,0.3661,5.1885,2.3672,0.645,6.061,4.1426,1.6656,8.5354,0.0895
315395,Bakari Camara,Mauritania,Right Midfield,21.7308,0,4.1416,0.1049,23.0755,0.0,0.0,15.2778,4.1416,0.1049,23.0755,0.0224
136312,Zini,Angola,Center Attacking Midfield,175.0971,0,3.598,1.4466,7.4133,0.514,0.013,2.8638,4.112,1.7753,8.1023,0.5899
33395,Ransford Königsdörffer,Ghana,Center Attacking Midfield,65.8486,0,4.1003,0.8456,11.9829,0.0,0.0,5.0419,4.1003,0.8456,11.9829,1.0597
32015,Hichem Boudaoui,Algeria,Right Center Midfield,66.2373,0,4.0763,0.8406,11.9125,0.0,0.0,5.0123,4.0763,0.8406,11.9125,0.1762
10577,Gelson,Angola,Left Wing,419.6681,0,1.9301,0.8826,3.6639,2.1446,1.0284,3.9439,4.0746,2.4532,6.3631,0.3263
40761,Omar Marmoush,Egypt,Left Wing,267.9589,0,2.687,1.16,5.2944,1.3435,0.3661,3.4399,4.0305,2.0826,7.0404,0.2338
18244,Grady Diangana,Congo DR,Center Attacking Midfield,89.3401,0,2.0148,0.244,7.2781,2.0148,0.244,7.2781,4.0295,1.0979,10.3172,0.109
44225,Osman Bukari,Ghana,Right Wing,22.4055,0,0.0,0.0,14.8178,4.0169,0.1017,22.3806,4.0169,0.1017,22.3806,0.0
2956,Bertrand Traoré,Burkina Faso,Right Wing,224.1023,0,3.2128,1.3871,6.3305,0.8032,0.0973,2.9015,4.016,1.9258,7.3856,0.0731
422691,José Nabil,Equatorial Guinea,Right Wing,22.4108,0,4.0159,0.1017,22.3753,0.0,0.0,14.8143,4.0159,0.1017,22.3753,0.2395
4464,Adama Traoré,Mali,Right Center Forward,159.1873,0,2.8269,0.9179,6.5969,1.1307,0.1369,4.0846,3.9576,1.5912,8.1542,0.1095
389291,Fiston Kalala Mayele,Congo DR,Center Forward,159.5166,0,2.821,0.916,6.5833,1.1284,0.1367,4.0762,3.9494,1.5879,8.1373,0.402
50503,Sayfallah Ltaief,Tunisia,Left Midfield,68.9803,0,1.3047,0.033,7.2694,2.6094,0.316,9.4262,3.9142,0.8072,11.4388,0.0962
67742,Emam Ashour,Egypt,Left Center Midfield,233.9363,0,2.693,1.0827,5.5487,1.1542,0.238,3.3729,3.8472,1.8449,7.0751,0.0966
44751,Lameck Banda,Zambia,Left Wing,212.8936,0,2.1137,0.6863,4.9327,1.691,0.4607,4.3296,3.8047,1.7398,7.2225,0.0847
33401,Amine Adli,Morocco,Right Wing,166.4099,0,2.7042,0.878,6.3106,1.0817,0.131,3.9073,3.7858,1.5221,7.8003,0.3864
10844,Fredy,Angola,Right Defensive Midfield,407.8181,0,0.8827,0.2405,2.2602,2.8689,1.5276,4.906,3.7517,2.1855,6.0068,0.0877
41052,Fali Candé,Guinea-Bissau,Left Back,217.5963,0,1.6544,0.4508,4.236,2.068,0.6715,4.8261,3.7225,1.7022,7.0664,0.033
7294,Yoane Wissa,Congo DR,Left Wing,584.6037,1,2.9251,1.7611,4.5678,0.7698,0.2499,1.7963,3.6948,2.3673,5.4976,0.4118
5229,Ayoub El Kaabi,Morocco,Center Forward,146.9089,0,3.6757,1.3489,8.0006,0.0,0.0,2.2599,3.6757,1.3489,8.0006,0.8162
11277,Victor Osimhen,Nigeria,Center Forward,710.5967,1,3.0397,1.9476,4.5228,0.6333,0.2056,1.4778,3.673,2.4598,5.275,0.3942
23892,Aboubakary Koita,Mauritania,Center Attacking Midfield,392.9924,0,2.7481,1.42,4.8005,0.916,0.2496,2.3454,3.6642,2.0944,5.9504,0.1184
5261,Trézéguet,Egypt,Left Wing,245.6492,0,2.1983,0.8067,4.7847,1.4655,0.3993,3.7523,3.6638,1.7569,6.7378,0.1598
133003,Mihlali Samson Mayambela,South Africa,Left Midfield,199.1718,0,3.1631,1.2717,6.5172,0.4519,0.0114,2.5177,3.615,1.5607,7.1229,0.2727
43072,Jean-Philippe Krasso,Côte d'Ivoire,Center Forward,277.5015,0,2.2703,0.9128,4.6776,1.2973,0.3535,3.3216,3.5675,1.7809,6.3833,0.2173
5647,Ali Maâloul,Tunisia,Left Back,101.0395,0,0.0,0.0,3.2858,3.563,0.9708,9.1226,3.563,0.9708,9.1226,0.0
8774,Amadou Haïdara,Mali,Left Center Midfield,303.3165,0,2.6705,1.2211,5.0694,0.8902,0.1836,2.6014,3.5606,1.8398,6.2197,0.1984
67737,Ahmed El Fotouh,Egypt,Left Back,101.3386,0,2.6643,0.5494,7.7863,0.8881,0.0225,4.9482,3.5524,0.9679,9.0957,0.082
416907,Sidi Bouna Sidi Amar,Mauritania,Right Midfield,278.7852,0,2.2598,0.9086,4.6561,1.2913,0.3518,3.3063,3.5511,1.7727,6.3539,0.1278
23910,Youssef Msakni,Tunisia,Left Wing,228.5509,0,2.3627,0.8671,5.1426,1.1814,0.2436,3.4524,3.5441,1.6206,6.7277,0.2598
141358,Mohamed El Amine Amoura,Algeria,Left Wing,127.419,0,1.4127,0.1711,5.103,2.119,0.437,6.1926,3.5317,1.1467,8.2417,0.2122
58878,Boubacar Traore,Mali,Right Center Midfield,51.3013,0,1.7543,0.0444,9.7746,1.7543,0.0444,9.7746,3.5087,0.4249,12.6746,0.0256
3639,Georges-Kevin N'Koudou,Cameroon,Left Wing,411.5619,0,1.3121,0.4815,2.8558,2.1868,1.0487,4.0216,3.4989,1.9999,5.6819,0.0996
103465,Baghdad Bounedjah,Algeria,Center Forward,283.26,0,2.8596,1.3076,5.4283,0.6355,0.077,2.2955,3.495,1.7447,6.2536,0.6008
5245,Achraf Hakimi,Morocco,Right Back,416.3427,0,1.0808,0.3509,2.5223,2.3778,1.187,4.2546,3.4587,1.9769,5.6167,0.0597
66716,Teboho Mokoena,South Africa,Right Defensive Midfield,760.3881,1,2.1305,1.2627,3.3671,1.302,0.6499,2.3296,3.4325,2.2988,4.9296,0.0446
24826,Simon Banza,Congo DR,Center Forward,210.6294,0,2.1365,0.6937,4.9858,1.2819,0.2644,3.7462,3.4183,1.4758,6.7355,0.2358
23785,Théo Bongonda Mbul'Ofeko Batombo,Congo DR,Center Attacking Midfield,474.1838,0,1.898,0.9102,3.4905,1.5184,0.6555,2.9919,3.4164,2.0248,5.3994,0.1146
4471,Ablie Jallow,Gambia,Center Attacking Midfield,187.8335,0,2.3957,0.7779,5.5909,0.9583,0.1161,3.4617,3.354,1.3485,6.9106,0.1995
40868,Amadou Dante,Mali,Left Back,26.9723,0,3.3368,0.0845,18.5912,0.0,0.0,12.3089,3.3368,0.0845,18.5912,0.0976
3447,Ademola Lookman,Nigeria,Left Wing,597.4042,1,1.2052,0.5203,2.3748,2.1091,1.1531,3.5388,3.3143,2.0771,5.0179,0.1988
4416,Max Gradel,Côte d'Ivoire,Right Wing,327.6319,0,1.6482,0.6049,3.5874,1.6482,0.6049,3.5874,3.2964,1.7033,5.7581,0.1145
47351,Morgan Guilavogui,Guinea,Right Wing,300.9809,0,1.7941,0.6584,3.9051,1.4951,0.4855,3.4891,3.2892,1.642,5.8854,0.3415
118368,Amir Richardson,Morocco,Left Center Midfield,27.4009,0,3.2846,0.0832,18.3004,0.0,0.0,12.1164,3.2846,0.0832,18.3004,0.2711
3013,Nicolas Pépé,Côte d'Ivoire,Center Forward,249.3692,0,1.4436,0.3933,3.6963,1.8046,0.5859,4.2112,3.2482,1.4853,6.1661,0.101
3811,Islam Slimani,Algeria,Left Center Forward,83.2639,0,2.1618,0.2618,7.8092,1.0809,0.0274,6.0224,3.2427,0.6687,9.4766,0.1148
10323,Alfa Semedo,Guinea-Bissau,Right Defensive Midfield,196.3122,0,1.3754,0.2836,4.0194,1.8338,0.4997,4.6953,3.2092,1.2903,6.6121,0.0247
51571,Haythem Jouini,Tunisia,Center Forward,112.398,0,2.4022,0.4954,7.0202,0.8007,0.0203,4.4614,3.2029,0.8727,8.2007,0.5061
6301,Youssef En-Nesyri,Morocco,Center Forward,282.3315,0,2.5502,1.101,5.0249,0.6375,0.0772,2.303,3.1877,1.5286,5.8624,0.482
46258,Azzedine Ounahi,Morocco,Right Center Midfield,368.1036,0,1.7115,0.6881,3.5263,1.467,0.5384,3.193,3.1785,1.6924,5.4353,0.1214
66886,Mostafa Mohamed,Egypt,Center Forward,453.5081,0,2.5799,1.3737,4.4117,0.5954,0.1228,1.7399,3.1752,1.8149,5.1564,0.342
162132,Kamory Doumbia,Mali,Center Attacking Midfield,431.3044,0,1.878,0.8588,3.5651,1.252,0.4595,2.7251,3.13,1.7519,5.1625,0.112
307271,Yankuba Minteh,Gambia,Left Midfield,230.061,0,0.7824,0.0948,2.8263,2.3472,0.8614,5.1089,3.1296,1.3511,6.1666,0.0272
29217,Edward Chilufya,Zambia,Right Wing,86.6269,0,1.0389,0.0263,5.7886,2.0779,0.2516,7.506,3.1168,0.6428,9.1087,0.0438
102667,Hemeya Tanjy,Mauritania,Left Midfield,144.9258,0,2.484,0.6768,6.3601,0.621,0.0157,3.46,3.105,1.0082,7.2461,0.1579
44311,Alieu Fadera,Gambia,Left Midfield,116.2147,0,2.3233,0.4791,6.7896,0.7744,0.0196,4.3148,3.0977,0.844,7.9314,0.2075
7753,Jamiro Monteiro,Cape Verde Islands,Center Attacking Midfield,407.5288,0,0.6625,0.1366,1.9362,2.4293,1.2127,4.3466,3.0918,1.6903,5.1875,0.1314
43920,Mohamed Konaté,Burkina Faso,Left Center Forward,262.8432,0,2.7393,1.1826,5.3975,0.3424,0.0087,1.9078,3.0817,1.4091,5.85,0.242
45064,Pape Ibnou Bâ,Mauritania,Center Forward,119.1768,0,2.2655,0.4672,6.6209,0.7552,0.0191,4.2076,3.0207,0.823,7.7342,0.675
4506,Nampalys Mendy,Senegal,Left Center Midfield,119.3018,0,2.2632,0.4667,6.6139,0.7544,0.0191,4.2032,3.0176,0.8222,7.7261,0.0724
33342,Ebrima Colley,Gambia,Right Midfield,89.6472,0,1.0039,0.0254,5.5936,2.0079,0.2432,7.2531,3.0118,0.6211,8.8018,0.2369
4385,Yves Bissouma,Mali,Left Defensive Midfield,210.1625,0,2.5694,0.9429,5.5926,0.4282,0.0108,2.386,2.9977,1.2052,6.1764,0.0932
149714,Abde Ezzalzouli,Morocco,Left Midfield,210.3823,0,1.7112,0.4662,4.3813,1.2834,0.2647,3.7506,2.9945,1.204,6.1699,0.1495
8673,Sébastien Haller,Côte d'Ivoire,Center Forward,330.6301,0,2.7221,1.3053,5.006,0.2722,0.0069,1.5166,2.9943,1.4947,5.3576,0.2995
8785,Patson Daka,Zambia,Left Center Forward,301.7845,0,1.4911,0.4842,3.4798,1.4911,0.4842,3.4798,2.9823,1.4301,5.4845,0.1503
3551,Karl Toko Ekambi,Cameroon,Right Wing,308.6022,0,1.7498,0.6422,3.8086,1.1666,0.3178,2.9868,2.9164,1.3985,5.3633,0.2352
24806,Mohamed Camara,Mali,Center Defensive Midfield,123.4845,0,1.4577,0.1765,5.2656,1.4577,0.1765,5.2656,2.9153,0.7943,7.4644,0.0517
90913,Zito Luvumbo,Angola,Right Wing,185.5049,0,1.4555,0.3002,4.2536,1.4555,0.3002,4.2536,2.911,1.0683,6.336,0.0694
7791,Seko Fofana,Côte d'Ivoire,Left Center Midfield,680.5378,1,2.2482,1.3097,3.5996,0.6612,0.2147,1.5431,2.9095,1.8233,4.405,0.0819
128881,Mabululu,Angola,Center Forward,433.589,0,2.6984,1.4368,4.6144,0.2076,0.0053,1.1565,2.906,1.5887,4.8757,0.2386
10598,Jovane Cabral,Cape Verde Islands,Center Forward,346.0904,0,2.3404,1.0702,4.4429,0.5201,0.063,1.8788,2.8605,1.428,5.1183,0.1883
23301,Kenny Rocha Santos,Cape Verde Islands,Right Center Midfield,314.7441,0,1.1438,0.3116,2.9285,1.7157,0.6296,3.7343,2.8595,1.3712,5.2587,0.0558
66892,Mohamed Hany,Egypt,Right Back,315.4032,0,0.2853,0.0072,1.5899,2.5681,1.1743,4.8751,2.8535,1.3684,5.2477,0.0056
65750,Terrence Mashego,South Africa,Left Back,31.7722,0,0.0,0.0,10.4493,2.8327,0.0717,15.7826,2.8327,0.0717,15.7826,0.0
7214,El-Hadji Ba,Mauritania,Left Center Midfield,63.6596,0,1.4138,0.0358,7.877,1.4138,0.0358,7.877,2.8275,0.3424,10.214,0.1285
27434,Alhassan Yusuf Abdullahi,Nigeria,Right Center Midfield,127.4205,0,2.119,0.437,6.1925,0.7063,0.0179,3.9354,2.8253,0.7698,7.2339,0.0527
3710,Fousseni Diabaté,Mali,Right Midfield,229.2905,0,0.785,0.0951,2.8358,1.9626,0.6372,4.58,2.7476,1.1047,5.6611,0.0232
9102,Serhou Guirassy,Guinea,Left Center Forward,132.2422,0,2.7223,0.7417,6.9701,0.0,0.0,2.5105,2.7223,0.7417,6.9701,0.235
35684,Meschak Elia,Congo DR,Right Wing,443.5408,0,1.2175,0.4468,2.6499,1.4204,0.5711,2.9265,2.6379,1.4046,4.5108,0.2629
12496,Christian Kouamé,Côte d'Ivoire,Right Wing,241.1988,0,1.4925,0.4067,3.8215,1.1194,0.2308,3.2714,2.612,1.0501,5.3816,0.2243
106070,Bruno Langa,Mozambique,Left Back,241.3517,0,1.4916,0.4064,3.8191,1.1187,0.2307,3.2693,2.6103,1.0495,5.3782,0.0846
28413,Willy Afonso Semedo Johnson,Cape Verde Islands,Right Back,207.2684,0,1.7369,0.4732,4.4471,0.8684,0.1052,3.1371,2.6053,0.9561,5.6707,0.1353
29367,Percy Tau,South Africa,Right Wing,622.9988,1,1.4446,0.6928,2.6567,1.1557,0.4989,2.2772,2.6003,1.5411,4.1096,0.1105
69442,Nyiko Mobbie,South Africa,Right Back,70.1574,0,2.5657,0.3107,9.268,0.0,0.0,4.7322,2.5657,0.3107,9.268,0.0157
105182,Lassine Sinayoko,Mali,Left Center Forward,421.0534,0,1.9237,0.8797,3.6519,0.6412,0.1322,1.874,2.565,1.3254,4.4805,0.3261
65761,Jayden Adams,South Africa,Center Attacking Midfield,35.2309,0,2.5546,0.0647,14.2332,0.0,0.0,9.4235,2.5546,0.0647,14.2332,0.1859
2941,Ismaïla Sarr,Senegal,Right Wing,352.8756,0,1.7853,0.7178,3.6785,0.7651,0.1578,2.2361,2.5505,1.2231,4.6904,0.2598
389784,Manuel Keliano,Angola,Right Center Midfield,70.7415,0,0.0,0.0,4.6931,2.5445,0.3081,9.1915,2.5445,0.3081,9.1915,0.0
65723,Peter Shalulile,Namibia,Center Forward,395.7572,0,2.2741,1.0905,4.1822,0.2274,0.0058,1.2671,2.5015,1.2488,4.4759,0.3123
392153,Lamine Camara,Senegal,Right Center Midfield,288.6892,0,0.9353,0.1929,2.7332,1.5588,0.5061,3.6376,2.494,1.0767,4.9142,0.0523
64612,Deon Hotto Kavendji,Namibia,Left Midfield,400.4296,0,0.899,0.245,2.3019,1.5733,0.6326,3.2416,2.4723,1.2342,4.4237,0.0837
23983,Jérémy Bela,Angola,Left Wing,73.2094,0,1.2294,0.0311,6.8495,1.2294,0.0311,6.8495,2.4587,0.2978,8.8817,0.0608
66887,Hamdi Fathi,Egypt,Left Center Midfield,368.7028,0,1.7087,0.687,3.5206,0.7323,0.151,2.1401,2.441,1.1705,4.4891,0.0638
3629,Sadio Mané,Senegal,Left Wing,443.3156,0,1.2181,0.447,2.6513,1.2181,0.447,2.6513,2.4362,1.2588,4.2555,0.1544
51698,Souleymane Doukara,Mauritania,Left Center Forward,37.6313,0,0.0,0.0,8.8224,2.3916,0.0606,13.3253,2.3916,0.0606,13.3253,0.0
66725,Oswin Reagan Appollis,South Africa,Right Wing,37.6784,0,0.0,0.0,8.8114,2.3886,0.0605,13.3086,2.3886,0.0605,13.3086,0.0
125333,Petrus Shitembi,Namibia,Right Center Midfield,150.7218,0,0.5971,0.0151,3.327,1.7914,0.3694,5.2352,2.3885,0.6508,6.1155,0.0503
11923,Aly Abeid,Mauritania,Left Back,153.1521,0,0.5877,0.0149,3.2742,1.763,0.3636,5.1521,2.3506,0.6405,6.0185,0.0231
8349,Deroy Duarte,Cape Verde Islands,Right Center Midfield,230.0682,0,1.9559,0.6351,4.5645,0.3912,0.0099,2.1796,2.3471,0.8614,5.1087,0.0974
136069,Shaquille Momad Nangy,Mozambique,Left Defensive Midfield,38.5223,0,0.0,0.0,8.6184,2.3363,0.0592,13.0171,2.3363,0.0592,13.0171,0.0
5243,Amine Harit,Morocco,Right Midfield,77.0867,0,1.1675,0.0296,6.505,1.1675,0.0296,6.505,2.335,0.2828,8.4349,0.0409
39174,Ismael Saibari,Morocco,Left Center Midfield,115.6874,0,0.778,0.0197,4.3345,1.5559,0.1884,5.6205,2.3339,0.4813,6.8206,0.081
49763,Souleymane Anne,Mauritania,Right Center Forward,232.1484,0,1.5507,0.4225,3.9705,0.7754,0.0939,2.8009,2.3261,0.8536,5.0629,0.2259
65853,Evidence Makgopa,South Africa,Center Forward,623.7404,1,1.7315,0.8947,3.0246,0.5772,0.1573,1.4778,2.3087,1.3196,3.7491,0.1832
12064,Mama Baldé,Guinea-Bissau,Center Forward,157.0767,0,1.7189,0.3545,5.0234,0.573,0.0145,3.1924,2.2919,0.6245,5.8681,0.131
16335,Samuel Chukwueze,Nigeria,Right Attacking Midfield,315.2809,0,1.1418,0.3111,2.9236,1.1418,0.3111,2.9236,2.2837,0.9859,4.4998,0.0335
30681,Ali Abdi,Tunisia,Left Back,198.5378,0,0.4533,0.0115,2.5257,1.8133,0.4941,4.6427,2.2666,0.7359,5.2894,0.0131
3814,Riyad Mahrez,Algeria,Right Wing,238.3758,0,0.3776,0.0096,2.1036,1.8878,0.613,4.4054,2.2653,0.8313,4.9307,0.0171
10865,Witi,Mozambique,Right Midfield,200.9596,0,1.7914,0.4881,4.5867,0.4479,0.0113,2.4953,2.2393,0.7271,5.2257,0.1187
225436,Abdoul Razack Guiebre,Burkina Faso,Left Back,80.9086,0,2.2247,0.2694,8.0365,0.0,0.0,4.1034,2.2247,0.2694,8.0365,0.0282
44402,Kings Kangwa,Zambia,Right Center Midfield,202.8329,0,1.3311,0.2745,3.8902,0.8874,0.1075,3.2057,2.2186,0.7204,5.1774,0.0802
70682,Marwan Attia,Egypt,Center Defensive Midfield,204.1597,0,0.8817,0.1068,3.1849,1.3225,0.2727,3.8649,2.2042,0.7157,5.1438,0.0185
389328,Gilberto,Angola,Right Wing,288.1039,0,1.8743,0.6878,4.0796,0.3124,0.0079,1.7405,2.1867,0.8792,4.5055,0.206
4909,Jérémie Boga,Côte d'Ivoire,Left Wing,205.8417,0,0.4372,0.0111,2.4361,1.7489,0.4765,4.4779,2.1861,0.7098,5.1017,0.0344
13581,Emilio Nsue,Equatorial Guinea,Center Forward,374.0216,0,1.925,0.8311,3.7931,0.2406,0.0061,1.3407,2.1657,0.9903,4.1111,0.5218
103804,Absalom Iimbondi,Namibia,Right Midfield,249.4606,0,0.3608,0.0091,2.0101,1.8039,0.5857,4.2097,2.1647,0.7944,4.7116,0.1657
199653,Nene Dorgeles,Mali,Left Midfield,207.9772,0,1.2982,0.2677,3.7939,0.8655,0.1048,3.1264,2.1637,0.7025,5.0494,0.0289
65726,Themba Zwane,South Africa,Center Attacking Midfield,542.2711,1,0.4979,0.1027,1.4551,1.6597,0.7959,3.0522,2.1576,1.1488,3.6895,0.0935
10530,Olivier Ntcham,Cameroon,Left Defensive Midfield,334.0302,0,1.3472,0.4374,3.1439,0.8083,0.1667,2.3622,2.1555,0.9306,4.2472,0.0327
103270,Simon Happygod Msuva,Tanzania,Right Wing,252.1067,0,1.428,0.3891,3.6562,0.714,0.0865,2.5792,2.142,0.7861,4.6621,0.0658
3806,Bright Samuel,Nigeria,Right Wing Back,252.5356,0,0.7128,0.0863,2.5748,1.4255,0.3884,3.65,2.1383,0.7847,4.6542,0.0496
16015,Moumi Ngamaleu,Cameroon,Right Wing Back,168.4892,0,1.0683,0.1294,3.8591,1.0683,0.1294,3.8591,2.1366,0.5822,5.4706,0.0278
11515,Ismaël Bennacer,Algeria,Left Center Midfield,84.3476,0,1.067,0.027,5.945,1.067,0.027,5.945,2.134,0.2584,7.7088,0.0419
50938,Ali Sowe,Gambia,Center Forward,168.7499,0,2.1333,0.5813,5.4622,0.0,0.0,1.9674,2.1333,0.5813,5.4622,0.3724
391434,Marciano Sanca,Guinea-Bissau,Left Wing,85.5963,0,2.1029,0.2547,7.5964,0.0,0.0,3.8787,2.1029,0.2547,7.5964,0.447
7023,Franck Kessié,Côte d'Ivoire,Right Center Midfield,699.1685,1,1.1585,0.5297,2.1992,0.9011,0.3623,1.8565,2.0596,1.1772,3.3446,0.0736
39073,Ilaix Moriba,Guinea,Right Defensive Midfield,267.1642,0,1.0106,0.2084,2.9534,1.0106,0.2084,2.9534,2.0212,0.7418,4.3994,0.0732
28212,Alasana Manneh,Gambia,Right Defensive Midfield,178.3252,0,1.0094,0.1222,3.6463,1.0094,0.1222,3.6463,2.0188,0.5501,5.1689,0.0392
80484,Iliman Ndiaye,Senegal,Right Wing,89.6066,0,1.0044,0.0254,5.5961,1.0044,0.0254,5.5961,2.0088,0.2433,7.2564,0.1538
212489,Oumar Diakité,Côte d'Ivoire,Right Wing,224.6364,0,1.2019,0.2479,3.5126,0.8013,0.097,2.8946,2.0032,0.6504,4.6749,0.1385
36539,Wilfried Stephane Singo,Côte d'Ivoire,Right Back,409.8776,0,1.0979,0.3565,2.5621,0.8783,0.2393,2.2488,1.9762,0.9036,3.7514,0.0508
3856,Joe Aribo,Nigeria,Left Defensive Midfield,137.2565,0,0.6557,0.0166,3.6534,1.3114,0.1588,4.7373,1.9671,0.4057,5.7488,0.036
6862,Cédric Bakambu,Congo DR,Center Forward,411.9069,0,1.748,0.7546,3.4442,0.2185,0.0055,1.2174,1.9665,0.8992,3.733,0.1438
40485,Ryan Mendes,Cape Verde Islands,Right Wing,413.1926,0,1.0891,0.3536,2.5416,0.8713,0.2374,2.2308,1.9603,0.8964,3.7213,0.1404
3587,Arthur Masuaku,Congo DR,Left Back,643.3413,1,0.8394,0.308,1.827,1.1192,0.4832,2.2052,1.9585,1.0707,3.2861,0.0209
39559,Aguibou Camara,Guinea,Center Attacking Midfield,505.6393,1,0.89,0.289,2.0769,1.068,0.3919,2.3245,1.9579,0.9774,3.5033,0.0878
8454,Mohamed Bayo,Guinea,Right Center Forward,415.4719,0,1.733,0.7482,3.4146,0.2166,0.0055,1.2069,1.9496,0.8915,3.7009,0.2136
31949,Zaidu Sanusi,Nigeria,Left Wing Back,462.4808,0,1.1676,0.4285,2.5414,0.7784,0.2121,1.993,1.946,0.9332,3.5788,0.109
202037,Thapelo Maseko,South Africa,Left Midfield,231.3067,0,0.7782,0.0942,2.8111,1.1673,0.2407,3.4113,1.9455,0.6317,4.5401,0.0731
106082,Lau King,Mozambique,Center Forward,141.8338,0,1.2691,0.1537,4.5844,0.6345,0.0161,3.5355,1.9036,0.3926,5.5632,0.0652
35592,Anis Slimane,Tunisia,Left Center Forward,236.947,0,1.1395,0.235,3.3301,0.7597,0.092,2.7442,1.8992,0.6167,4.432,0.0089
23559,Pepín Machín,Equatorial Guinea,Center Attacking Midfield,384.2283,0,0.4685,0.0567,1.6923,1.4054,0.5158,3.059,1.8739,0.809,3.6923,0.0124
30693,Majeed Ashimeru,Ghana,Left Defensive Midfield,192.6093,0,0.4673,0.0118,2.6034,1.4018,0.2891,4.0967,1.8691,0.5093,4.7856,0.0164
105762,Josete Miranda,Equatorial Guinea,Left Wing,145.5505,0,1.855,0.3826,5.4212,0.0,0.0,2.281,1.855,0.3826,5.4212,0.1221
389675,Kennedy Musonda,Zambia,Center Attacking Midfield,97.2602,0,1.8507,0.2241,6.6854,0.0,0.0,3.4135,1.8507,0.2241,6.6854,0.0882
20840,Zinho Gano,Guinea-Bissau,Center Forward,49.2791,0,1.8263,0.0462,10.1757,0.0,0.0,6.7371,1.8263,0.0462,10.1757,0.1095
44307,Cédric Badolo,Burkina Faso,Left Wing,197.4086,0,0.4559,0.0115,2.5402,1.3677,0.2821,3.9971,1.8236,0.4969,4.6692,0.0034
68755,Mostafa Fathi,Egypt,Right Wing,99.0254,0,0.9089,0.023,5.0638,0.9089,0.023,5.0638,1.8177,0.2201,6.5662,0.0114
67728,Mahmoud Hamada,Egypt,Left Defensive Midfield,49.6603,0,0.0,0.0,6.6854,1.8123,0.0459,10.0976,1.8123,0.0459,10.0976,0.0
363738,Nito Gomes,Guinea-Bissau,Right Defensive Midfield,99.408,0,1.8107,0.2193,6.5409,0.0,0.0,3.3398,1.8107,0.2193,6.5409,0.0679
105921,Mamady Alex Bangré,Burkina Faso,Right Wing,49.7494,0,0.0,0.0,6.6734,1.8091,0.0458,10.0795,1.8091,0.0458,10.0795,0.0
127300,Geny Cipriano Catamo,Mozambique,Right Attacking Midfield,201.7395,0,1.3384,0.276,3.9113,0.4461,0.0113,2.4856,1.7845,0.4862,4.569,0.0599
3436,Idrissa Gueye,Senegal,Right Center Midfield,50.5561,0,0.0,0.0,6.5669,1.7802,0.0451,9.9186,1.7802,0.0451,9.9186,0.0
32433,Jefferson Encada,Guinea-Bissau,Right Back,202.5174,0,0.8888,0.1076,3.2107,0.8888,0.1076,3.2107,1.7776,0.4843,4.5514,0.0136
23260,Emmanuel Banda,Zambia,Center Defensive Midfield,303.9512,0,1.1844,0.3227,3.0325,0.5922,0.0717,2.1392,1.7766,0.652,3.8669,0.0262
67714,Aliou Dieng,Mali,Right Center Midfield,152.2854,0,1.182,0.1431,4.2698,0.591,0.015,3.2928,1.773,0.3656,5.1814,0.0204
24087,Iddrisu Baba,Ghana,Right Defensive Midfield,203.5387,0,0.8844,0.1071,3.1946,0.8844,0.1071,3.1946,1.7687,0.4819,4.5286,0.1136
18163,Moses Simon,Nigeria,Right Wing,511.1974,1,0.8803,0.2858,2.0543,0.8803,0.2858,2.0543,1.7606,0.8443,3.2378,0.0809
18724,Sofiane Feghouli,Algeria,Center Attacking Midfield,51.1794,0,1.7585,0.0445,9.7979,0.0,0.0,6.487,1.7585,0.0445,9.7979,0.0784
3647,Alex Iwobi,Nigeria,Left Defensive Midfield,569.9896,1,1.1053,0.4444,2.2773,0.6316,0.1721,1.6171,1.7369,0.867,3.1077,0.0567
102661,Mohamed Dellahi Yali,Mauritania,Right Center Back,103.7372,0,1.7352,0.2101,6.268,0.0,0.0,3.2004,1.7352,0.2101,6.268,0.0905
189348,Frank Magri,Cameroon,Center Forward,365.1148,0,1.479,0.5428,3.2191,0.2465,0.0062,1.3734,1.7255,0.6937,3.5552,0.1372
18516,Habib Diallo,Senegal,Center Forward,313.3999,0,1.4359,0.4662,3.3508,0.2872,0.0073,1.6,1.723,0.6323,3.7503,0.4703
8505,Naby Keïta,Guinea,Left Defensive Midfield,210.1986,0,0.4282,0.0108,2.3856,1.2845,0.2649,3.7539,1.7127,0.4666,4.3851,0.0462
133038,João Paulo Fernandes,Cape Verde Islands,Left Back,474.3366,0,0.759,0.2068,1.9432,0.9487,0.308,2.2139,1.7076,0.7808,3.2416,0.0335
70835,Mohamed Hamdy,Egypt,Left Back,265.1761,0,0.0,0.0,1.252,1.697,0.551,3.9602,1.697,0.551,3.9602,0.0
43705,Abdoul Tapsoba,Burkina Faso,Left Wing,215.0039,0,0.4186,0.0106,2.3323,1.2558,0.259,3.67,1.6744,0.4562,4.2871,0.02
13329,Silas Katompa Mvumpa,Congo DR,Left Wing,272.1096,0,1.323,0.3605,3.3874,0.3307,0.0084,1.8428,1.6537,0.537,3.8593,0.3514
132711,Sekou Oumar Sylla,Guinea,Left Back,327.3721,0,1.0997,0.2996,2.8156,0.5498,0.0666,1.9862,1.6495,0.6053,3.5903,0.101
10040,Youcef Atal,Algeria,Right Back,274.5792,0,0.9833,0.2028,2.8737,0.6555,0.0794,2.3681,1.6389,0.5321,3.8246,0.0231
160904,Miguel Changa Chaiwa,Zambia,Right Defensive Midfield,111.3611,0,0.8082,0.0205,4.5029,0.8082,0.0205,4.5029,1.6164,0.1957,5.8389,0.006
106069,Clésio Bauque,Mozambique,Left Wing,56.235,0,1.6004,0.0405,8.917,0.0,0.0,5.9038,1.6004,0.0405,8.917,0.6127
45466,Gustavo Sangaré,Burkina Faso,Right Defensive Midfield,284.1127,0,0.3168,0.008,1.765,1.2671,0.3452,3.2443,1.5839,0.5143,3.6962,0.0189
389319,Muzeu Bethuel,Namibia,Right Midfield,227.6854,0,1.1858,0.2446,3.4655,0.3953,0.01,2.2024,1.5811,0.4308,4.0483,0.1511
105942,Pablo Ganet,Equatorial Guinea,Left Defensive Midfield,345.2108,0,1.0428,0.2841,2.6701,0.5214,0.0631,1.8835,1.5643,0.5741,3.4047,0.0306
65727,Thapelo James Morena,South Africa,Right Midfield,408.6119,0,1.1013,0.3576,2.57,0.4405,0.0533,1.5913,1.5418,0.6199,3.1767,0.0917
35471,Issa Kabore,Burkina Faso,Right Midfield,415.3958,0,0.2167,0.0055,1.2072,1.3,0.4771,2.8295,1.5166,0.6098,3.1248,0.0433
3248,Hamari Traoré,Mali,Right Back,539.3127,1,0.5006,0.1032,1.4631,1.0013,0.3675,2.1794,1.5019,0.6868,2.8511,0.1538
3450,Jordan Ayew,Ghana,Left Wing,300.4773,0,0.2995,0.0076,1.6688,1.1981,0.3264,3.0676,1.4976,0.4863,3.4949,0.0058
264381,Kennedy Amutenya,Namibia,Right Center Back,364.1042,0,1.4831,0.5443,3.2281,0.0,0.0,0.9118,1.4831,0.5443,3.2281,0.0926
11492,Ola Aina,Nigeria,Left Wing Back,728.5042,1,0.3706,0.0764,1.0831,1.1119,0.5084,2.1107,1.4825,0.766,2.5896,0.0389
406457,Facinet Conte,Guinea,Left Midfield,182.2508,0,0.9877,0.1196,3.5677,0.4938,0.0125,2.7514,1.4815,0.3055,4.3295,0.2076
106074,Dominguês,Mozambique,Left Attacking Midfield,122.8313,0,0.0,0.0,2.7029,1.4654,0.1775,5.2936,1.4654,0.1775,5.2936,0.0
32190,Darline Yongwa,Cameroon,Left Back,186.6781,0,0.4821,0.0122,2.6862,0.9642,0.1168,3.4831,1.4463,0.2983,4.2268,0.0142
16546,Joseph Paintsil,Ghana,Right Wing,124.9171,0,0.7205,0.0182,4.0142,0.7205,0.0182,4.0142,1.441,0.1745,5.2052,0.2108
12111,Rayan Aït Nouri,Algeria,Left Back,313.7115,0,0.8607,0.1775,2.5152,0.5738,0.0695,2.0727,1.4344,0.4658,3.3475,0.02
389641,Domingos Macandza,Mozambique,Right Back,189.2019,0,0.9514,0.1152,3.4367,0.4757,0.012,2.6503,1.427,0.2943,4.1704,0.0651
20758,Krépin Diatta,Senegal,Right Wing Back,443.3156,0,0.406,0.0492,1.4667,1.0151,0.3296,2.3689,1.4211,0.5714,2.928,0.0179
3359,Jean Michaël Seri,Côte d'Ivoire,Left Defensive Midfield,386.927,0,0.4652,0.0563,1.6805,0.9304,0.2535,2.3822,1.3956,0.5122,3.0377,0.0078
16548,Mbwana Samatta,Tanzania,Center Forward,259.6316,0,0.6933,0.084,2.5044,0.6933,0.084,2.5044,1.3866,0.3778,3.5502,0.0197
65555,Riaan Hanamub,Namibia,Left Back,400.6129,0,0.4493,0.0544,1.6231,0.8986,0.2448,2.3008,1.3479,0.4947,2.9339,0.0047
136406,Aprocious Petrus,Namibia,Right Defensive Midfield,400.6129,0,0.4493,0.0544,1.6231,0.8986,0.2448,2.3008,1.3479,0.4947,2.9339,0.0255
4308,Houssem Aouar,Algeria,Left Center Midfield,67.1722,0,1.3398,0.0339,7.4651,0.0,0.0,4.9425,1.3398,0.0339,7.4651,0.1101
4412,Samuel Moutoussamy,Congo DR,Left Defensive Midfield,740.6165,1,0.8506,0.342,1.7526,0.4861,0.1324,1.2446,1.3367,0.6673,2.3918,0.0862
138875,Djibril Cheick Ouattara,Burkina Faso,Left Wing,67.3457,0,1.3364,0.0338,7.4459,0.0,0.0,4.9298,1.3364,0.0338,7.4459,0.0653
23873,Nurio Fortuna,Angola,Left Wing Back,202.2998,0,0.4449,0.0113,2.4787,0.8898,0.1078,3.2141,1.3347,0.2752,3.9004,0.0085
7360,Julian Jeanvier,Guinea,Left Center Back,405.1884,0,0.8885,0.2421,2.2749,0.4442,0.0538,1.6047,1.3327,0.4891,2.9008,0.0562
8520,Nabil Bentaleb,Algeria,Right Defensive Midfield,202.791,0,0.4438,0.0112,2.4727,0.8876,0.1075,3.2064,1.3314,0.2746,3.891,0.0478
29164,Hamza Barry,Gambia,Left Defensive Midfield,67.6033,0,0.0,0.0,4.911,1.3313,0.0337,7.4175,1.3313,0.0337,7.4175,0.0
3405,François Kamano,Guinea,Left Wing,67.9472,0,1.3246,0.0335,7.38,0.0,0.0,4.8861,1.3246,0.0335,7.38,0.059
136115,El Hacen Houeibib,Mauritania,Right Center Back,136.1024,0,0.0,0.0,2.4393,1.3225,0.1602,4.7774,1.3225,0.1602,4.7774,0.0
50968,Patrick Andrade,Cape Verde Islands,Left Center Midfield,137.1324,0,0.0,0.0,2.421,1.3126,0.159,4.7416,1.3126,0.159,4.7416,0.0
341163,Omaré Gassama,Mauritania,Left Defensive Midfield,346.0848,0,0.5201,0.063,1.8788,0.7802,0.1609,2.2799,1.3003,0.4222,3.0344,0.007
24411,Adama Guira,Burkina Faso,Right Defensive Midfield,139.3992,0,0.6456,0.0163,3.5972,0.6456,0.0163,3.5972,1.2913,0.1564,4.6645,0.0409
24909,Moreto Cassamã,Guinea-Bissau,Center Attacking Midfield,139.4766,0,0.0,0.0,2.3803,1.2905,0.1563,4.6619,1.2905,0.1563,4.6619,0.0
3017,Ibrahim Sangaré,Côte d'Ivoire,Center Defensive Midfield,418.7219,0,1.0747,0.349,2.508,0.2149,0.0054,1.1976,1.2896,0.4733,2.807,0.0551
22274,Bruno Paz,Angola,Center Defensive Midfield,140.7134,0,0.0,0.0,2.3594,1.2792,0.1549,4.6209,1.2792,0.1549,4.6209,0.0
7355,Olivier Kemen,Cameroon,Left Center Midfield,213.1233,0,1.2669,0.2613,3.7023,0.0,0.0,1.5578,1.2669,0.2613,3.7023,0.0299
30193,Gédéon Kalulu,Congo DR,Right Back,643.3413,1,0.1399,0.0035,0.7794,1.1192,0.4832,2.2052,1.2591,0.5757,2.3901,0.0086
34293,Faris Moumbagna,Cameroon,Center Forward,71.8862,0,0.0,0.0,4.6184,1.252,0.0317,6.9756,1.252,0.0317,6.9756,0.0
32915,Ismail Jakobs,Senegal,Left Wing Back,434.0596,0,0.4147,0.0502,1.498,0.8294,0.226,2.1235,1.2441,0.4566,2.7078,0.0262
30423,Ibán Salvador,Equatorial Guinea,Right Wing,363.6608,0,0.495,0.0599,1.788,0.7425,0.1531,2.1698,1.2374,0.4018,2.8877,0.0238
51750,Youssoufou Niakaté,Mali,Right Center Forward,72.8093,0,0.0,0.0,4.5598,1.2361,0.0313,6.8871,1.2361,0.0313,6.8871,0.0
5675,Kalidou Koulibaly,Senegal,Right Center Back,443.3156,0,0.609,0.1256,1.7799,0.609,0.1256,1.7799,1.2181,0.447,2.6513,0.037
8553,Abdou Diallo,Senegal,Center Back,298.501,0,0.603,0.073,2.1783,0.603,0.073,2.1783,1.206,0.3286,3.0879,0.0493
69563,Mohamed Abdel Monem,Egypt,Left Center Back,453.8581,0,0.9915,0.3219,2.3138,0.1983,0.005,1.1049,1.1898,0.4366,2.5897,0.0325
132800,Kevin Pina,Cape Verde Islands,Center Defensive Midfield,456.2647,0,0.9863,0.3202,2.3016,0.1973,0.005,1.099,1.1835,0.4343,2.576,0.0293
65733,Aubrey Maphosa Modiba,South Africa,Left Back,763.2034,1,0.4717,0.1285,1.2077,0.7075,0.2597,1.54,1.1792,0.5655,2.1687,0.008
50501,Ebrima Darboe,Gambia,Left Center Midfield,153.8553,0,0.585,0.0148,3.2592,0.585,0.0148,3.2592,1.1699,0.1417,4.2262,0.0121
10848,Reinildo Mandava,Mozambique,Left Back,308.1168,0,0.5842,0.0707,2.1103,0.5842,0.0707,2.1103,1.1684,0.3183,2.9915,0.0253
146933,Bodda Mouhsine,Mauritania,Right Defensive Midfield,310.5073,0,1.1594,0.3159,2.9685,0.0,0.0,1.0692,1.1594,0.3159,2.9685,0.037
15890,Noussair Mazraoui,Morocco,Left Back,79.4709,0,0.0,0.0,4.1776,1.1325,0.0287,6.3098,1.1325,0.0287,6.3098,0.0
143863,Franculino Djú,Guinea-Bissau,Center Forward,160.5262,0,1.1213,0.1358,4.0506,0.0,0.0,2.0682,1.1213,0.1358,4.0506,0.1625
43007,Mauro Rodrigues,Guinea-Bissau,Right Wing,162.2266,0,1.1096,0.1344,4.0081,0.0,0.0,2.0465,1.1096,0.1344,4.0081,0.0338
64607,Zakhele Lerato Lepasa,South Africa,Left Center Forward,162.7823,0,0.5529,0.014,3.0805,0.5529,0.014,3.0805,1.1058,0.1339,3.9944,0.0277
9286,Antoine Semenyo,Ghana,Center Forward,244.5945,0,0.7359,0.0891,2.6584,0.368,0.0093,2.0501,1.1039,0.2276,3.226,0.0291
103207,Loide Augusto,Angola,Right Wing Back,81.6642,0,1.1021,0.0279,6.1404,0.0,0.0,4.0654,1.1021,0.0279,6.1404,0.0439
389316,Ngero Kaanjuka Katua,Namibia,Left Center Midfield,245.0354,0,1.1019,0.2272,3.2202,0.0,0.0,1.3549,1.1019,0.2272,3.2202,0.0328
86067,Himid Mao Mkami,Tanzania,Center Defensive Midfield,246.8186,0,0.0,0.0,1.3451,1.0939,0.2256,3.1969,1.0939,0.2256,3.1969,0.0
30606,Edmond Fayçal Tapsoba,Burkina Faso,Left Center Back,415.8625,0,0.8657,0.2359,2.2165,0.2164,0.0055,1.2058,1.0821,0.3514,2.5252,0.0564
7426,Jean-Charles Castelletto,Cameroon,Right Center Back,416.3563,0,0.4323,0.0524,1.5617,0.6485,0.1337,1.8951,1.0808,0.3509,2.5222,0.0293
24467,Frank Onyeka,Nigeria,Right Defensive Midfield,666.8983,1,0.8097,0.2972,1.7624,0.2699,0.0327,0.975,1.0796,0.4661,2.1273,0.0484
18651,Carlos Mané,Guinea-Bissau,Left Wing,83.5701,0,0.0,0.0,3.9727,1.0769,0.0273,6.0003,1.0769,0.0273,6.0003,0.0
23706,Alfons Amade,Mozambique,Left Defensive Midfield,255.7946,0,0.7037,0.0852,2.542,0.3518,0.0089,1.9604,1.0555,0.2177,3.0847,0.0604
7713,Evan N'Dicka,Côte d'Ivoire,Left Center Back,776.4782,1,0.8114,0.3262,1.6717,0.2318,0.0281,0.8374,1.0432,0.477,1.9803,0.0496
4753,Aaron Tshibola,Congo DR,Right Defensive Midfield,175.4443,0,0.0,0.0,1.8923,1.026,0.1242,3.7061,1.026,0.1242,3.7061,0.0
21026,Pape Gueye,Senegal,Center Defensive Midfield,263.1903,0,0.6839,0.0828,2.4705,0.342,0.0087,1.9053,1.0259,0.2116,2.998,0.0594
3347,André Ayew,Ghana,Right Wing,88.7216,0,0.0,0.0,3.742,1.0144,0.0257,5.6519,1.0144,0.0257,5.6519,0.0
176683,Ibrahim Diakité,Guinea,Right Back,358.6497,0,0.2509,0.0064,1.3982,0.7528,0.1553,2.2001,1.0038,0.2735,2.57,0.0199
42527,Sphephelo S''Miso Sithole,South Africa,Left Defensive Midfield,722.1895,1,0.6231,0.2023,1.4541,0.3739,0.0771,1.0926,0.997,0.4304,1.9644,0.0388
4063,Ahmed Hegazy,Egypt,Right Center Back,453.4914,0,0.3969,0.0481,1.4338,0.5954,0.1228,1.74,0.9923,0.3222,2.3157,0.0709
129475,Nené,Mozambique,Left Defensive Midfield,91.1444,0,0.9874,0.025,5.5017,0.0,0.0,3.6426,0.9874,0.025,5.5017,0.0849
8992,Ibrahim Sissoko,Mali,Center Forward,91.1618,0,0.9873,0.025,5.5006,0.0,0.0,3.6419,0.9873,0.025,5.5006,0.1214
30626,Estrela,Angola,Left Center Midfield,182.5944,0,0.4929,0.0125,2.7462,0.4929,0.0125,2.7462,0.9858,0.1194,3.561,0.0296
145622,Denis Kibu,Tanzania,Left Wing,91.6056,0,0.9825,0.0249,5.474,0.0,0.0,3.6242,0.9825,0.0249,5.474,0.0617
3044,Chancel Mbemba,Congo DR,Right Center Back,740.3498,1,0.6078,0.1974,1.4185,0.3647,0.0752,1.0658,0.9725,0.4199,1.9162,0.0901
29482,Ricardo Guimarães,Mozambique,Left Defensive Midfield,284.899,0,0.3159,0.008,1.7601,0.6318,0.0765,2.2823,0.9477,0.1954,2.7696,0.0153
297356,Brian Jephte Bayeye,Congo DR,Right Back,97.2752,0,0.0,0.0,3.413,0.9252,0.0234,5.1549,0.9252,0.0234,5.1549,0.0
138493,Morice Michael Abraham,Tanzania,Right Wing,99.3896,0,0.9055,0.0229,5.0453,0.0,0.0,3.3404,0.9055,0.0229,5.0453,0.0583
105944,Wajdi Kechrida,Tunisia,Right Back,299.5773,0,0.3004,0.0076,1.6739,0.6008,0.0728,2.1705,0.9013,0.1859,2.6339,0.01
389294,Nouh Mohamed El Abd,Mauritania,Right Center Back,204.0833,0,0.882,0.1068,3.1861,0.0,0.0,1.6268,0.882,0.1068,3.1861,0.071
23615,Gideon Mensah,Ghana,Left Back,306.7495,0,0.0,0.0,1.0823,0.8802,0.1815,2.5723,0.8802,0.1815,2.5723,0.0
23708,Fashion Sakala,Zambia,Left Midfield,206.591,0,0.8713,0.1055,3.1474,0.0,0.0,1.607,0.8713,0.1055,3.1474,0.088
13454,Nouhou Tolo,Cameroon,Left Wing Back,313.3566,0,0.8616,0.1777,2.5181,0.0,0.0,1.0595,0.8616,0.1777,2.5181,0.0394
6648,Aïssa Mandi,Algeria,Right Center Back,314.1448,0,0.8595,0.1772,2.5118,0.0,0.0,1.0568,0.8595,0.1772,2.5118,0.1336
5219,Romain Saïss,Morocco,Left Center Back,316.4863,0,0.2844,0.0072,1.5844,0.5687,0.0689,2.0545,0.8531,0.1759,2.4932,0.1155
28444,Oumar Gonzalez,Cameroon,Center Back,105.6935,0,0.0,0.0,3.1412,0.8515,0.0216,4.7444,0.8515,0.0216,4.7444,0.0
135043,Enzo Gianni Tchato Mbiayi,Cameroon,Right Wing Back,214.5768,0,0.0,0.0,1.5472,0.8389,0.1016,3.0303,0.8389,0.1016,3.0303,0.0
31016,Show,Angola,Left Defensive Midfield,439.735,0,0.4093,0.0496,1.4787,0.4093,0.0496,1.4787,0.8187,0.2231,2.0961,0.0076
12557,Falaye Sacko,Mali,Left Back,440.7368,0,0.0,0.0,0.7533,0.8168,0.2226,2.0914,0.8168,0.2226,2.0914,0.0
4256,Jonathan Bamba,Côte d'Ivoire,Left Wing,112.8212,0,0.0,0.0,2.9427,0.7977,0.0202,4.4446,0.7977,0.0202,4.4446,0.0
40128,Jannick Buyla,Equatorial Guinea,Left Wing,226.2505,0,0.3978,0.0101,2.2163,0.3978,0.0101,2.2163,0.7956,0.0963,2.8739,0.1001
8759,Diadié Samassékou,Mali,Center Defensive Midfield,226.4366,0,0.0,0.0,1.4662,0.7949,0.0963,2.8715,0.7949,0.0963,2.8715,0.0
7197,Steven Moreira,Cape Verde Islands,Right Back,452.904,0,0.1987,0.005,1.1072,0.5962,0.1229,1.7422,0.7949,0.2166,2.0352,0.0092
23420,Lubambo Musonda,Zambia,Left Back,231.0806,0,0.3895,0.0099,2.17,0.3895,0.0099,2.17,0.7789,0.0943,2.8138,0.0023
417067,Nanani,Mozambique,Right Back,118.915,0,0.7568,0.0192,4.2169,0.0,0.0,2.7919,0.7568,0.0192,4.2169,0.0148
132461,Mohamed Elias Achouri,Tunisia,Right Wing,238.097,0,0.378,0.0096,2.1061,0.378,0.0096,2.1061,0.756,0.0916,2.7309,0.0291
10039,Ghislain Konan,Côte d'Ivoire,Left Back,723.604,1,0.1244,0.0031,0.693,0.6219,0.2019,1.4513,0.7463,0.2739,1.6243,0.0065
6393,Iñaki Williams,Ghana,Right Wing,121.899,0,0.7383,0.0187,4.1136,0.0,0.0,2.7236,0.7383,0.0187,4.1136,0.0719
31295,Yahia Attiyat allah,Morocco,Left Back,127.0383,0,0.0,0.0,2.6134,0.7084,0.0179,3.9472,0.7084,0.0179,3.9472,0.0
103803,Prins Menelik Tjiueza,Namibia,Right Center Midfield,258.5667,0,0.6961,0.0843,2.5147,0.0,0.0,1.284,0.6961,0.0843,2.5147,0.1516
50497,Nicolas Jackson,Senegal,Center Forward,129.2991,0,0.6961,0.0176,3.8782,0.0,0.0,2.5677,0.6961,0.0176,3.8782,0.0518
389292,Khadim Diaw,Mauritania,Left Back,261.1544,0,0.3446,0.0087,1.9201,0.3446,0.0087,1.9201,0.6892,0.0835,2.4898,0.0023
10573,Jonathan Buatu,Angola,Right Center Back,404.6557,0,0.6672,0.1376,1.9499,0.0,0.0,0.8204,0.6672,0.1376,1.9499,0.1263
4352,Issiaga Sylla,Guinea,Left Back,405.1867,0,0.2221,0.0056,1.2376,0.4442,0.0538,1.6047,0.6664,0.1374,1.9474,0.0083
105764,Basilio Ndong,Equatorial Guinea,Left Back,407.5861,0,0.2208,0.0056,1.2303,0.4416,0.0535,1.5953,0.6624,0.1366,1.9359,0.0053
52324,Saúl Coco,Equatorial Guinea,Left Center Back,408.5194,0,0.6609,0.1363,1.9315,0.0,0.0,0.8127,0.6609,0.1363,1.9315,0.0074
12498,Omar Colley,Gambia,Left Center Back,272.8535,0,0.6597,0.0799,2.383,0.0,0.0,1.2168,0.6597,0.0799,2.383,0.0582
27133,Odilon Kossonou,Côte d'Ivoire,Right Center Back,273.1901,0,0.6589,0.0798,2.3801,0.0,0.0,1.2153,0.6589,0.0798,2.3801,0.0166
3138,Abdoulaye Touré,Guinea,Right Defensive Midfield,137.4281,0,0.0,0.0,2.4158,0.6549,0.0166,3.6488,0.6549,0.0166,3.6488,0.0
102800,Issoufou Dayo,Burkina Faso,Right Center Back,415.8625,0,0.4328,0.0524,1.5636,0.2164,0.0055,1.2058,0.6493,0.1339,1.8974,0.0609
3568,Mohamed Elneny,Egypt,Right Center Midfield,279.1276,0,0.3224,0.0082,1.7965,0.3224,0.0082,1.7965,0.6449,0.0781,2.3295,0.0159
105946,Henoc Inonga Baka,Congo DR,Left Center Back,420.5323,0,0.214,0.0054,1.1924,0.428,0.0518,1.5462,0.642,0.1324,1.8763,0.0104
68505,Roderick Kabwe,Zambia,Left Back,142.8776,0,0.0,0.0,2.3237,0.6299,0.0159,3.5096,0.6299,0.0159,3.5096,0.0
3767,Ellyes Joris Skhiri,Tunisia,Right Defensive Midfield,287.3854,0,0.6263,0.0759,2.2625,0.0,0.0,1.1552,0.6263,0.0759,2.2625,0.0239
8284,Amadou Diawara,Guinea,Right Defensive Midfield,290.3805,0,0.0,0.0,1.1433,0.6199,0.0751,2.2392,0.6199,0.0751,2.2392,0.0
136596,Lusajo Mwaikenda,Tanzania,Right Back,147.2482,0,0.0,0.0,2.2547,0.6112,0.0155,3.4055,0.6112,0.0155,3.4055,0.0
131849,Antoine Conte,Guinea,Right Back,147.6063,0,0.0,0.0,2.2492,0.6097,0.0154,3.3972,0.6097,0.0154,3.3972,0.0
105766,Mohamed Hussein Mohamed,Tanzania,Left Back,298.7998,0,0.3012,0.0076,1.6782,0.3012,0.0076,1.6782,0.6024,0.073,2.1761,0.002
5651,Yassine Meriah,Tunisia,Right Center Back,299.5773,0,0.6008,0.0728,2.1705,0.0,0.0,1.1082,0.6008,0.0728,2.1705,0.0883
50442,Hamza Rafia,Tunisia,Right Midfield,151.9236,0,0.5924,0.015,3.3007,0.0,0.0,2.1853,0.5924,0.015,3.3007,0.2125
135851,Tó Carneiro,Angola,Left Back,304.527,0,0.0,0.0,1.0902,0.5911,0.0716,2.1352,0.5911,0.0716,2.1352,0.0
3433,Lassana Coulibaly,Mali,Right Center Midfield,310.9203,0,0.2895,0.0073,1.6128,0.2895,0.0073,1.6128,0.5789,0.0701,2.0913,0.011
23999,Blati,Burkina Faso,Left Center Midfield,312.9414,0,0.2876,0.0073,1.6024,0.2876,0.0073,1.6024,0.5752,0.0697,2.0778,0.0186
5455,William Troost-Ekong,Nigeria,Center Back,644.9192,1,0.4187,0.0863,1.2235,0.1396,0.0035,0.7775,0.5582,0.1521,1.4292,0.0269
136055,Novatus Dismas Miroshi,Tanzania,Left Defensive Midfield,167.9242,0,0.536,0.0136,2.9862,0.0,0.0,1.9771,0.536,0.0136,2.9862,0.0029
103208,Kialonda Gaspar,Angola,Right Center Back,507.8769,1,0.3544,0.0429,1.2803,0.1772,0.0045,0.9873,0.5316,0.1096,1.5536,0.016
103268,Faisal Salum Abdalla,Tanzania,Center Attacking Midfield,171.8546,0,0.5237,0.0133,2.9179,0.0,0.0,1.9319,0.5237,0.0133,2.9179,0.0038
65719,Khuliso Johnson Mudau,South Africa,Right Wing Back,692.1461,1,0.2601,0.0315,0.9394,0.2601,0.0315,0.9394,0.5201,0.1417,1.3317,0.0472
28415,Charles Pickel,Congo DR,Right Defensive Midfield,525.9,1,0.5134,0.1059,1.5004,0.0,0.0,0.6313,0.5134,0.1059,1.5004,0.0174
34845,Federico Bikoro Akieme Nchama,Equatorial Guinea,Right Defensive Midfield,365.3118,0,0.2464,0.0062,1.3727,0.2464,0.0062,1.3727,0.4927,0.0597,1.7799,0.008
196109,Ousmane Diomande,Côte d'Ivoire,Right Center Back,183.0071,0,0.4918,0.0125,2.74,0.0,0.0,1.8141,0.4918,0.0125,2.74,0.0104
108291,Tandi Mwape,Zambia,Right Back,187.2831,0,0.0,0.0,1.7727,0.4806,0.0122,2.6775,0.4806,0.0122,2.6775,0.0
3481,Serge Aurier,Côte d'Ivoire,Right Back,377.3496,0,0.2385,0.006,1.3289,0.2385,0.006,1.3289,0.477,0.0578,1.7231,0.0055
17618,Carlos Akapo,Equatorial Guinea,Right Back,389.4186,0,0.0,0.0,0.8526,0.4622,0.056,1.6697,0.4622,0.056,1.6697,0.0
74588,Christopher Wooh,Cameroon,Left Center Back,393.8759,0,0.457,0.0553,1.6508,0.0,0.0,0.8429,0.457,0.0553,1.6508,0.0523
7568,Opa Sangante,Guinea-Bissau,Left Center Back,197.6006,0,0.4555,0.0115,2.5377,0.0,0.0,1.6802,0.4555,0.0115,2.5377,0.0229
103799,Ivan Kamberipa,Namibia,Right Back,200.5017,0,0.0,0.0,1.6558,0.4489,0.0114,2.501,0.4489,0.0114,2.501,0.0
25056,Marcelo Djaló,Guinea-Bissau,Right Center Back,202.5174,0,0.4444,0.0113,2.4761,0.0,0.0,1.6394,0.4444,0.0113,2.4761,0.0186
4267,Mouctar Diakhaby,Guinea,Right Center Back,405.1884,0,0.4442,0.0538,1.6047,0.0,0.0,0.8194,0.4442,0.0538,1.6047,0.026
47762,Jacob Mendy,Gambia,Left Back,204.8112,0,0.4394,0.0111,2.4483,0.0,0.0,1.621,0.4394,0.0111,2.4483,0.0038
31029,Salis Abdul Samed,Ghana,Left Defensive Midfield,206.4751,0,0.0,0.0,1.6079,0.4359,0.011,2.4286,0.4359,0.011,2.4286,0.0
65742,Edmilson Gabriel Dove,Mozambique,Left Center Back,206.8413,0,0.0,0.0,1.6051,0.4351,0.011,2.4243,0.4351,0.011,2.4243,0.0
12149,Nayef Aguerd,Morocco,Right Center Back,416.2427,0,0.2162,0.0055,1.2047,0.2162,0.0055,1.2047,0.4324,0.0524,1.5621,0.0138
143165,Mohamed Chibi,Morocco,Left Back,209.8336,0,0.0,0.0,1.5822,0.4289,0.0109,2.3897,0.4289,0.0109,2.3897,0.0
23774,Selim Amallah,Morocco,Left Center Midfield,211.0163,0,0.4265,0.0108,2.3763,0.0,0.0,1.5733,0.4265,0.0108,2.3763,0.0309
43779,Calvin Bassey,Nigeria,Left Center Back,658.4066,1,0.2734,0.0331,0.9876,0.1367,0.0035,0.7616,0.4101,0.0846,1.1984,0.0835
3255,Guessouma Fofana,Mauritania,Left Defensive Midfield,234.488,0,0.3838,0.0097,2.1385,0.0,0.0,1.4158,0.3838,0.0097,2.1385,0.0919
38345,Ramiz Zerrouki,Algeria,Left Defensive Midfield,238.8473,0,0.0,0.0,1.39,0.3768,0.0095,2.0995,0.3768,0.0095,2.0995,0.0
51494,Haji Mnoga,Tanzania,Right Back,246.3618,0,0.0,0.0,1.3476,0.3653,0.0092,2.0354,0.3653,0.0092,2.0354,0.0
44955,Aïssa Laïdouni,Tunisia,Left Defensive Midfield,250.4705,0,0.3593,0.0091,2.002,0.0,0.0,1.3255,0.3593,0.0091,2.002,0.0093
23331,Kiki Kouyaté,Mali,Right Center Back,540.0627,1,0.3333,0.0404,1.204,0.0,0.0,0.6147,0.3333,0.0404,1.204,0.0432
102722,Siyanda Xulu,South Africa,Right Center Back,271.7454,0,0.3312,0.0084,1.8453,0.0,0.0,1.2217,0.3312,0.0084,1.8453,0.0258
45557,Logan Costa,Cape Verde Islands,Right Center Back,548.6061,1,0.0,0.0,0.6052,0.3281,0.0397,1.1852,0.3281,0.0397,1.1852,0.0
3035,Steeve Yago,Burkina Faso,Left Back,280.7849,0,0.0,0.0,1.1824,0.3205,0.0081,1.7859,0.3205,0.0081,1.7859,0.0
12259,Denis Odoi,Ghana,Right Back,281.9833,0,0.0,0.0,1.1774,0.3192,0.0081,1.7783,0.3192,0.0081,1.7783,0.0
50498,Pape Sarr,Senegal,Right Defensive Midfield,288.4395,0,0.312,0.0079,1.7385,0.0,0.0,1.151,0.312,0.0079,1.7385,0.0058
9933,Willy Boly,Côte d'Ivoire,Right Center Back,291.3849,0,0.3089,0.0078,1.7209,0.0,0.0,1.1394,0.3089,0.0078,1.7209,0.0568
389092,Ibrahim Abdallah Hamad,Tanzania,Left Center Back,298.7998,0,0.3012,0.0076,1.6782,0.0,0.0,1.1111,0.3012,0.0076,1.6782,0.0221
32450,Montassar Omar Talbi,Tunisia,Left Center Back,299.5773,0,0.3004,0.0076,1.6739,0.0,0.0,1.1082,0.3004,0.0076,1.6739,0.0075
36813,Janio Bikel,Guinea-Bissau,Center Defensive Midfield,301.9254,0,0.0,0.0,1.0996,0.2981,0.0075,1.6608,0.2981,0.0075,1.6608,0.0
2989,Alexander Djiku,Ghana,Right Center Back,306.7495,0,0.2934,0.0074,1.6347,0.0,0.0,1.0823,0.2934,0.0074,1.6347,0.0286
3250,Mexer,Mozambique,Right Center Back,308.1168,0,0.2921,0.0074,1.6275,0.0,0.0,1.0775,0.2921,0.0074,1.6275,0.0017
35689,James Gomez,Gambia,Right Center Back,309.1312,0,0.2911,0.0074,1.6221,0.0,0.0,1.074,0.2911,0.0074,1.6221,0.0103
3923,Semi Ajayi,Nigeria,Right Center Back,745.0605,1,0.1208,0.0031,0.673,0.1208,0.0031,0.673,0.2416,0.0293,0.8727,0.0234
264956,Ibrahima Keita,Mauritania,Right Back,392.6633,0,0.0,0.0,0.8455,0.2292,0.0058,1.277,0.2292,0.0058,1.277,0.0
5234,Sofyan Amrabat,Morocco,Center Defensive Midfield,405.1609,0,0.0,0.0,0.8194,0.2221,0.0056,1.2377,0.2221,0.0056,1.2377,0.0
145058,Eddie Afonso,Angola,Right Back,406.3912,0,0.0,0.0,0.8169,0.2215,0.0056,1.2339,0.2215,0.0056,1.2339,0.0
105765,Jesús Owono,Equatorial Guinea,Goalkeeper,408.5194,0,0.0,0.0,0.8127,0.2203,0.0056,1.2275,0.2203,0.0056,1.2275,0.0
3141,André Zambo Anguissa,Cameroon,Right Defensive Midfield,416.3563,0,0.2162,0.0055,1.2044,0.0,0.0,0.7974,0.2162,0.0055,1.2044,0.0437
36271,R.Lopes,Cape Verde Islands,Left Center Back,440.858,0,0.2041,0.0052,1.1374,0.0,0.0,0.7531,0.2041,0.0052,1.1374,0.0202
7295,Sikou Niakaté,Mali,Left Center Back,539.796,1,0.0,0.0,0.615,0.1667,0.0042,0.929,0.1667,0.0042,0.929,0.0
68500,Jonas Mendes,Guinea-Bissau,Goalkeeper,99.408,0,0.0,0.0,3.3398,0.0,0.0,3.3398,0.0,0.0,3.3398,0.0
3139,Chidozie Awaziem,Nigeria,Right Wing Back,1.9955,0,0.0,0.0,166.3697,0.0,0.0,166.3697,0.0,0.0,166.3697,0.0
389156,Tresford Lawrence Mulenga,Zambia,Goalkeeper,303.9512,0,0.0,0.0,1.0923,0.0,0.0,1.0923,0.0,0.0,1.0923,0.0
358410,Stanley Bobo Nwabali,Nigeria,Goalkeeper,723.6159,1,0.0,0.0,0.4588,0.0,0.0,0.4588,0.0,0.0,0.4588,0.0
67974,Nkosinathi Sibisi,South Africa,Left Center Back,103.0624,0,0.0,0.0,3.2213,0.0,0.0,3.2213,0.0,0.0,3.2213,0.0
416889,Uetuuru Kambato,Namibia,Right Midfield,26.1254,0,0.0,0.0,12.7079,0.0,0.0,12.7079,0.0,0.0,12.7079,0.0
408824,Signori António,Angola,Goalkeeper,183.1892,0,0.0,0.0,1.8123,0.0,0.0,1.8123,0.0,0.0,1.8123,0.0
3191,Ramy Bensebaini,Algeria,Left Center Back,206.9767,0,0.0,0.0,1.604,0.0,0.0,1.604,0.0,0.0,1.604,0.0
408160,Dramane Salou,Burkina Faso,Right Center Midfield,15.3316,0,0.0,0.0,21.6545,0.0,0.0,21.6545,0.0,0.0,21.6545,0.0
404676,Karim Cissé,Guinea,Center Attacking Midfield,18.356,0,0.0,0.0,18.0867,0.0,0.0,18.0867,0.0,0.0,18.0867,0.0
3226,Bassem Srarfi,Tunisia,Right Midfield,26.3217,0,0.0,0.0,12.6131,0.0,0.0,12.6131,0.0,0.0,12.6131,0.0
3198,Moussa Niakhaté,Senegal,Left Center Back,223.5543,0,0.0,0.0,1.4851,0.0,0.0,1.4851,0.0,0.0,1.4851,0.0
349594,Noé Ela Mangue,Equatorial Guinea,Center Forward,14.7841,0,0.0,0.0,22.4565,0.0,0.0,22.4565,0.0,0.0,22.4565,0.0
68749,Seifeddine Jaziri,Tunisia,Center Forward,81.9264,0,0.0,0.0,4.0524,0.0,0.0,4.0524,0.0,0.0,4.0524,0.0
68757,Richard Ofori Antwi,Ghana,Goalkeeper,306.7495,0,0.0,0.0,1.0823,0.0,0.0,1.0823,0.0,0.0,1.0823,0.0
66721,Ronwen Williams,South Africa,Goalkeeper,763.2034,1,0.0,0.0,0.435,0.0,0.0,0.435,0.0,0.0,0.435,0.0
65837,Ananias Gebhardt,Namibia,Left Center Back,35.6587,0,0.0,0.0,9.3105,0.0,0.0,9.3105,0.0,0.0,9.3105,0.0
4376,Edgar Ié,Guinea-Bissau,Right Center Back,99.408,0,0.0,0.0,3.3398,0.0,0.0,3.3398,0.0,0.0,3.3398,0.0
66879,Mohamed Abougabal,Egypt,Goalkeeper,139.6747,0,0.0,0.0,2.3769,0.0,0.0,2.3769,0.0,0.0,2.3769,0.0
4388,Kouakou Herve Koffi,Burkina Faso,Goalkeeper,415.8625,0,0.0,0.0,0.7983,0.0,0.0,0.7983,0.0,0.0,0.7983,0.0
4696,Ebou Adams,Gambia,Center Defensive Midfield,48.8,0,0.0,0.0,6.8033,0.0,0.0,6.8033,0.0,0.0,6.8033,0.0
62627,Junior Tchamadeu,Cameroon,Right Midfield,29.6972,0,0.0,0.0,11.1795,0.0,0.0,11.1795,0.0,0.0,11.1795,0.0
65732,Mothobi Mvala,South Africa,Left Center Back,665.9283,1,0.0,0.0,0.4986,0.0,0.0,0.4986,0.0,0.0,0.4986,0.0
88123,Bamba Dieng,Senegal,Right Center Forward,5.1962,0,0.0,0.0,63.8929,0.0,0.0,63.8929,0.0,0.0,63.8929,0.0
99280,Adamo Nagalo,Burkina Faso,Right Back,141.4317,0,0.0,0.0,2.3474,0.0,0.0,2.3474,0.0,0.0,2.3474,0.0
102816,Mohamed Ali Ben Romdhane,Tunisia,Left Center Midfield,71.2543,0,0.0,0.0,4.6594,0.0,0.0,4.6594,0.0,0.0,4.6594,0.0
102992,Djigui Diarra,Mali,Goalkeeper,540.0627,1,0.0,0.0,0.6147,0.0,0.0,0.6147,0.0,0.0,0.6147,0.0
70783,Omar Kamal,Egypt,Right Back,165.9316,0,0.0,0.0,2.0008,0.0,0.0,2.0008,0.0,0.0,2.0008,0.0
80307,Charles M'Mombwa,Tanzania,Center Forward,136.737,0,0.0,0.0,2.428,0.0,0.0,2.428,0.0,0.0,2.428,0.0
70093,Gomolemo Grant Kekana,South Africa,Right Center Back,558.0626,1,0.0,0.0,0.5949,0.0,0.0,0.5949,0.0,0.0,0.5949,0.0
70464,Mohanad Mostafa Lasheen,Egypt,Right Defensive Midfield,12.8549,0,0.0,0.0,25.8266,0.0,0.0,25.8266,0.0,0.0,25.8266,0.0
46008,Saidou Sow,Guinea,Right Center Back,101.2509,0,0.0,0.0,3.279,0.0,0.0,3.279,0.0,0.0,3.279,0.0
45047,Alidu Seidu,Ghana,Right Wing Back,24.7662,0,0.0,0.0,13.4054,0.0,0.0,13.4054,0.0,0.0,13.4054,0.0
105931,Diney,Cape Verde Islands,Left Center Back,107.7481,0,0.0,0.0,3.0813,0.0,0.0,3.0813,0.0,0.0,3.0813,0.0
105769,Mzamiru Yassin,Tanzania,Left Defensive Midfield,127.6103,0,0.0,0.0,2.6017,0.0,0.0,2.6017,0.0,0.0,2.6017,0.0
105952,Yusupha Bobb,Gambia,Left Defensive Midfield,73.0116,0,0.0,0.0,4.5472,0.0,0.0,4.5472,0.0,0.0,4.5472,0.0
47721,Abdulia Sanyang,Gambia,Left Center Forward,13.7342,0,0.0,0.0,24.1732,0.0,0.0,24.1732,0.0,0.0,24.1732,0.0
48342,Dylan Tavares,Cape Verde Islands,Left Back,107.7481,0,0.0,0.0,3.0813,0.0,0.0,3.0813,0.0,0.0,3.0813,0.0
47979,Frankie Musonda,Zambia,Left Center Back,303.9512,0,0.0,0.0,1.0923,0.0,0.0,1.0923,0.0,0.0,1.0923,0.0
108292,Larry Bwalya,Zambia,Center Attacking Midfield,3.5081,0,0.0,0.0,94.6388,0.0,0.0,94.6388,0.0,0.0,94.6388,0.0
125324,Lloyd Junior Kazapua,Namibia,Goalkeeper,400.6129,0,0.0,0.0,0.8287,0.0,0.0,0.8287,0.0,0.0,0.8287,0.0
36951,Babacar Niasse,Mauritania,Goalkeeper,414.3065,0,0.0,0.0,0.8013,0.0,0.0,0.8013,0.0,0.0,0.8013,0.0
38862,Raphael Nwadike,Nigeria,Right Defensive Midfield,33.3289,0,0.0,0.0,9.9613,0.0,0.0,9.9613,0.0,0.0,9.9613,0.0
41045,Milson,Angola,Center Attacking Midfield,54.1855,0,0.0,0.0,6.1271,0.0,0.0,6.1271,0.0,0.0,6.1271,0.0
106681,Ismahila Ouédraogo,Burkina Faso,Left Defensive Midfield,232.8485,0,0.0,0.0,1.4258,0.0,0.0,1.4258,0.0,0.0,1.4258,0.0
108280,Benedict Chepeshi,Zambia,Right Back,92.4625,0,0.0,0.0,3.5906,0.0,0.0,3.5906,0.0,0.0,3.5906,0.0
105932,Vózinha,Cape Verde Islands,Goalkeeper,548.6061,1,0.0,0.0,0.6052,0.0,0.0,0.6052,0.0,0.0,0.6052,0.0
43073,Yvan Neyou,Cameroon,Center Defensive Midfield,82.3261,0,0.0,0.0,4.0327,0.0,0.0,4.0327,0.0,0.0,4.0327,0.0
41381,Anthony Mandréa,Algeria,Goalkeeper,314.1448,0,0.0,0.0,1.0568,0.0,0.0,1.0568,0.0,0.0,1.0568,0.0
41134,Marvin Anieboh,Equatorial Guinea,Right Back,19.1008,0,0.0,0.0,17.3814,0.0,0.0,17.3814,0.0,0.0,17.3814,0.0
5830,Kenneth Omeruo,Nigeria,Center Back,144.5384,0,0.0,0.0,2.297,0.0,0.0,2.297,0.0,0.0,2.297,0.0
35413,Lionel Mpasi-Nzau,Congo DR,Goalkeeper,643.3413,1,0.0,0.0,0.5161,0.0,0.0,0.5161,0.0,0.0,0.5161,0.0
35285,Mory Konaté,Guinea,Right Defensive Midfield,182.6015,0,0.0,0.0,1.8182,0.0,0.0,1.8182,0.0,0.0,1.8182,0.0
36552,Ouparine Djoco,Guinea-Bissau,Goalkeeper,202.5174,0,0.0,0.0,1.6394,0.0,0.0,1.6394,0.0,0.0,1.6394,0.0
34335,Terem Moffi,Nigeria,Center Forward,24.2941,0,0.0,0.0,13.6659,0.0,0.0,13.6659,0.0,0.0,13.6659,0.0
64629,Thabang Amod Monare,South Africa,Right Defensive Midfield,93.6675,0,0.0,0.0,3.5444,0.0,0.0,3.5444,0.0,0.0,3.5444,0.0
103269,Bakari Nondo Mwamnyeto,Tanzania,Right Center Back,297.8165,0,0.0,0.0,1.1148,0.0,0.0,1.1148,0.0,0.0,1.1148,0.0
103797,Denzil Haoseb,Namibia,Center Forward,4.8556,0,0.0,0.0,68.3738,0.0,0.0,68.3738,0.0,0.0,68.3738,0.0
103801,Marcel Papama,Namibia,Right Center Midfield,15.7056,0,0.0,0.0,21.1388,0.0,0.0,21.1388,0.0,0.0,21.1388,0.0
103262,Aishi Manula,Tanzania,Goalkeeper,298.7998,0,0.0,0.0,1.1111,0.0,0.0,1.1111,0.0,0.0,1.1111,0.0
4939,Joris Kayembe,Congo DR,Left Back,108.6481,0,0.0,0.0,3.0557,0.0,0.0,3.0557,0.0,0.0,3.0557,0.0
82783,Joslin Kamatuka,Namibia,Right Back,22.3487,0,0.0,0.0,14.8554,0.0,0.0,14.8554,0.0,0.0,14.8554,0.0
82922,Muhammed Sanneh,Gambia,Right Back,104.556,0,0.0,0.0,3.1753,0.0,0.0,3.1753,0.0,0.0,3.1753,0.0
32952,Moussa Diarra,Mali,Left Back,72.3536,0,0.0,0.0,4.5886,0.0,0.0,4.5886,0.0,0.0,4.5886,0.0
32767,Hassane Bandé,Burkina Faso,Center Attacking Midfield,23.8457,0,0.0,0.0,13.9228,0.0,0.0,13.9228,0.0,0.0,13.9228,0.0
3709,Daniel Amartey,Ghana,Right Center Back,24.5995,0,0.0,0.0,13.4962,0.0,0.0,13.4962,0.0,0.0,13.4962,0.0
3684,Cheikhou Kouyaté,Senegal,Center Defensive Midfield,25.2726,0,0.0,0.0,13.1367,0.0,0.0,13.1367,0.0,0.0,13.1367,0.0
128056,Yassin Cheikh El Welly,Mauritania,Right Back,21.4599,0,0.0,0.0,15.4707,0.0,0.0,15.4707,0.0,0.0,15.4707,0.0
3675,Fodé Ballo Touré,Senegal,Left Back,9.256,0,0.0,0.0,35.8686,0.0,0.0,35.8686,0.0,0.0,35.8686,0.0
127547,Stanley Ratifo,Mozambique,Center Forward,146.3664,0,0.0,0.0,2.2683,0.0,0.0,2.2683,0.0,0.0,2.2683,0.0
36629,Yahia Fofana,Côte d'Ivoire,Goalkeeper,776.9449,1,0.0,0.0,0.4273,0.0,0.0,0.4273,0.0,0.0,0.4273,0.0
31751,Pathé Ismaël Ciss,Senegal,Center Defensive Midfield,46.5676,0,0.0,0.0,7.1294,0.0,0.0,7.1294,0.0,0.0,7.1294,0.0
4218,Ryan Nyambe,Namibia,Right Back,177.7625,0,0.0,0.0,1.8677,0.0,0.0,1.8677,0.0,0.0,1.8677,0.0
133549,Seydouba Cisse,Guinea,Left Defensive Midfield,23.806,0,0.0,0.0,13.946,0.0,0.0,13.946,0.0,0.0,13.946,0.0
135004,Lubeni Haukongo,Namibia,Left Center Back,339.1204,0,0.0,0.0,0.979,0.0,0.0,0.979,0.0,0.0,0.979,0.0
29816,Ibou Touray,Gambia,Left Back,83.0025,0,0.0,0.0,3.9999,0.0,0.0,3.9999,0.0,0.0,3.9999,0.0
30104,Sori Mané,Guinea-Bissau,Left Center Back,104.3248,0,0.0,0.0,3.1824,0.0,0.0,3.1824,0.0,0.0,3.1824,0.0
5265,Mohamed El Shenawy,Egypt,Goalkeeper,314.1834,0,0.0,0.0,1.0567,0.0,0.0,1.0567,0.0,0.0,1.0567,0.0
5257,Kahraba,Egypt,Right Center Forward,29.2119,0,0.0,0.0,11.3652,0.0,0.0,11.3652,0.0,0.0,11.3652,0.0
24105,Dylan Batubinsika,Congo DR,Left Center Back,317.8175,0,0.0,0.0,1.0446,0.0,0.0,1.0446,0.0,0.0,1.0446,0.0
136064,Ernan Alberto Siluane,Mozambique,Goalkeeper,206.8413,0,0.0,0.0,1.6051,0.0,0.0,1.6051,0.0,0.0,1.6051,0.0
24670,Fabrice Ondoa,Cameroon,Goalkeeper,314.2635,0,0.0,0.0,1.0564,0.0,0.0,1.0564,0.0,0.0,1.0564,0.0
26825,Noah Sonko-Sundberg,Gambia,Right Defensive Midfield,82.5361,0,0.0,0.0,4.0225,0.0,0.0,4.0225,0.0,0.0,4.0225,0.0
23307,Idrissa Doumbia,Côte d'Ivoire,Center Defensive Midfield,4.3567,0,0.0,0.0,76.2051,0.0,0.0,76.2051,0.0,0.0,76.2051,0.0
136296,Bechir Ben Said,Tunisia,Goalkeeper,299.5773,0,0.0,0.0,1.1082,0.0,0.0,1.1082,0.0,0.0,1.1082,0.0
7386,Harold Moukoudi,Cameroon,Left Center Back,106.6109,0,0.0,0.0,3.1141,0.0,0.0,3.1141,0.0,0.0,3.1141,0.0
23203,Stopilla Sunzu,Zambia,Right Center Back,303.9512,0,0.0,0.0,1.0923,0.0,0.0,1.0923,0.0,0.0,1.0923,0.0
136404,Vetunuavi Charles Hambira,Namibia,Left Center Midfield,4.8556,0,0.0,0.0,68.3738,0.0,0.0,68.3738,0.0,0.0,68.3738,0.0
136298,Santiago Eneme,Equatorial Guinea,Left Wing,50.2586,0,0.0,0.0,6.6058,0.0,0.0,6.6058,0.0,0.0,6.6058,0.0
136948,Yacouba Nasser Djiga,Burkina Faso,Right Back,15.3316,0,0.0,0.0,21.6545,0.0,0.0,21.6545,0.0,0.0,21.6545,0.0
136417,Alex Balboa,Equatorial Guinea,Right Defensive Midfield,35.5911,0,0.0,0.0,9.3281,0.0,0.0,9.3281,0.0,0.0,9.3281,0.0
135849,Neblú,Angola,Goalkeeper,321.6543,0,0.0,0.0,1.0322,0.0,0.0,1.0322,0.0,0.0,1.0322,0.0
136057,Mudathiri Yahya,Tanzania,Right Center Midfield,76.3854,0,0.0,0.0,4.3464,0.0,0.0,4.3464,0.0,0.0,4.3464,0.0
30519,Mohamed Salisu,Ghana,Left Center Back,306.7495,0,0.0,0.0,1.0823,0.0,0.0,1.0823,0.0,0.0,1.0823,0.0
5454,Francis Uzoho,Nigeria,Goalkeeper,21.4446,0,0.0,0.0,15.4817,0.0,0.0,15.4817,0.0,0.0,15.4817,0.0
6785,Yassine Bounou,Morocco,Goalkeeper,416.3427,0,0.0,0.0,0.7974,0.0,0.0,0.7974,0.0,0.0,0.7974,0.0
23013,Nanu,Guinea-Bissau,Left Back,84.3291,0,0.0,0.0,3.9369,0.0,0.0,3.9369,0.0,0.0,3.9369,0.0
22823,Dimitry Bertaud,Congo DR,Goalkeeper,97.2752,0,0.0,0.0,3.413,0.0,0.0,3.413,0.0,0.0,3.413,0.0
21173,Laros Duarte,Cape Verde Islands,Center Attacking Midfield,33.1043,0,0.0,0.0,10.0289,0.0,0.0,10.0289,0.0,0.0,10.0289,0.0
18783,Omenuke Mfulu,Congo DR,Right Defensive Midfield,57.8549,0,0.0,0.0,5.7385,0.0,0.0,5.7385,0.0,0.0,5.7385,0.0
7378,Yunis Abdelhamid,Morocco,Left Center Back,99.8564,0,0.0,0.0,3.3248,0.0,0.0,3.3248,0.0,0.0,3.3248,0.0
16025,Mohamed Aly Camara,Guinea,Left Center Back,100.8009,0,0.0,0.0,3.2936,0.0,0.0,3.2936,0.0,0.0,3.2936,0.0
7379,Edouard Mendy,Senegal,Goalkeeper,443.3156,0,0.0,0.0,0.7489,0.0,0.0,0.7489,0.0,0.0,0.7489,0.0
159949,Wendell Rudath,Namibia,Left Wing,22.5154,0,0.0,0.0,14.7454,0.0,0.0,14.7454,0.0,0.0,14.7454,0.0
160943,Mohamed Amine Tougai,Algeria,Left Center Back,107.1681,0,0.0,0.0,3.0979,0.0,0.0,3.0979,0.0,0.0,3.0979,0.0
179524,Cuca,Cape Verde Islands,Right Defensive Midfield,44.0347,0,0.0,0.0,7.5395,0.0,0.0,7.5395,0.0,0.0,7.5395,0.0
161718,Ivane Carminio Francisco Urrubal,Mozambique,Goalkeeper,101.2755,0,0.0,0.0,3.2782,0.0,0.0,3.2782,0.0,0.0,3.2782,0.0
182573,Ibrahim Kone,Guinea,Goalkeeper,506.4393,1,0.0,0.0,0.6556,0.0,0.0,0.6556,0.0,0.0,0.6556,0.0
19426,Tarryn Allarakhia,Tanzania,Left Wing,37.5,0,0.0,0.0,8.8533,0.0,0.0,8.8533,0.0,0.0,8.8533,0.0
151066,Kelvin Kapumbu,Zambia,Right Defensive Midfield,151.6567,0,0.0,0.0,2.1891,0.0,0.0,2.1891,0.0,0.0,2.1891,0.0
16329,Bubacarr Sanneh,Gambia,Right Center Back,31.8111,0,0.0,0.0,10.4366,0.0,0.0,10.4366,0.0,0.0,10.4366,0.0
12175,Carlos Gomes,Guinea-Bissau,Left Wing,111.9699,0,0.0,0.0,2.9651,0.0,0.0,2.9651,0.0,0.0,2.9651,0.0
188885,Oumar Ngom,Mauritania,Right Center Midfield,32.4665,0,0.0,0.0,10.2259,0.0,0.0,10.2259,0.0,0.0,10.2259,0.0
185579,Baboucarr Gaye,Gambia,Goalkeeper,309.1312,0,0.0,0.0,1.074,0.0,0.0,1.074,0.0,0.0,1.074,0.0
15311,Koka,Egypt,Right Center Forward,17.785,0,0.0,0.0,18.6674,0.0,0.0,18.6674,0.0,0.0,18.6674,0.0
10705,Mamadou Fofana,Mali,Center Defensive Midfield,52.118,0,0.0,0.0,6.3701,0.0,0.0,6.3701,0.0,0.0,6.3701,0.0
11174,Vincent Aboubakar,Cameroon,Left Center Forward,23.6946,0,0.0,0.0,14.0116,0.0,0.0,14.0116,0.0,0.0,14.0116,0.0
9361,Houboulang Mendes,Guinea-Bissau,Right Back,99.408,0,0.0,0.0,3.3398,0.0,0.0,3.3398,0.0,0.0,3.3398,0.0
9859,Elisha Owusu,Ghana,Left Defensive Midfield,8.6925,0,0.0,0.0,38.1937,0.0,0.0,38.1937,0.0,0.0,38.1937,0.0
482851,Esteban Fernández,Equatorial Guinea,Right Center Back,408.5194,0,0.0,0.0,0.8127,0.0,0.0,0.8127,0.0,0.0,0.8127,0.0
417068,João Bonde,Mozambique,Right Center Midfield,9.8495,0,0.0,0.0,33.7073,0.0,0.0,33.7073,0.0,0.0,33.7073,0.0
263057,Amadú,Mozambique,Right Wing,21.085,0,0.0,0.0,15.7458,0.0,0.0,15.7458,0.0,0.0,15.7458,0.0
8064,André Onana,Cameroon,Goalkeeper,102.0929,0,0.0,0.0,3.2519,0.0,0.0,3.2519,0.0,0.0,3.2519,0.0
264954,Lamine Ba,Mauritania,Left Center Back,380.7733,0,0.0,0.0,0.8719,0.0,0.0,0.8719,0.0,0.0,0.8719,0.0
270407,Kinito,Angola,Left Center Back,215.6515,0,0.0,0.0,1.5395,0.0,0.0,1.5395,0.0,0.0,1.5395,0.0
300924,Sacha Jordan Bansé,Burkina Faso,Center Defensive Midfield,41.1815,0,0.0,0.0,8.0618,0.0,0.0,8.0618,0.0,0.0,8.0618,0.0
3417,Saidy Janko,Gambia,Right Back,204.5752,0,0.0,0.0,1.6229,0.0,0.0,1.6229,0.0,0.0,1.6229,0.0
