team_id,team,matches,goals_for,goals_against,xg_for,xg_against,goal_diff,xg_diff,goal_diff_minus_xg_diff,group_points,group_expected_points,group_points_minus_expected
4976,South Africa,7,7.0,3.0,7.4879,10.7015,4.0,-3.2137,7.2137,4,4.1751,-0.1751
4992,Equatorial Guinea,4,9.0,4.0,4.1583,6.3485,5.0,-2.1901,7.1901,7,2.8546,4.1454
787,Senegal,4,9.0,2.0,5.2125,2.9307,7.0,2.2818,4.7182,9,5.6942,3.3058
4924,Cape Verde Islands,5,8.0,3.0,6.8077,5.4071,5.0,1.4006,3.5994,7,4.0931,2.9069
4901,Angola,5,9.0,4.0,6.6662,5.136,5.0,1.5302,3.4698,7,4.9724,2.0276
4963,Zambia,3,2.0,3.0,1.3336,5.4941,-1.0,-4.1605,3.1605,2,2.0686,-0.0686
4930,Mali,5,6.0,4.0,5.8518,4.8735,2.0,0.9784,1.0216,5,4.8766,0.1234
4885,Ghana,3,5.0,6.0,3.7071,5.4634,-1.0,-1.7564,0.7564,2,3.0022,-1.0022
4953,Tanzania,3,1.0,4.0,0.4609,3.7565,-3.0,-3.2957,0.2957,2,1.6135,0.3865
4932,Mauritania,4,3.0,5.0,3.7323,5.9386,-2.0,-2.2063,0.2063,3,3.103,-0.103
775,Nigeria,7,8.0,4.0,9.7545,5.7188,4.0,4.0357,-0.0357,7,6.6605,0.3395
777,Tunisia,3,1.0,2.0,2.4184,2.9763,-1.0,-0.5578,-0.4422,2,3.6381,-1.6381
3374,Côte d'Ivoire,7,8.0,8.0,7.6051,6.9172,0.0,0.6879,-0.6879,3,4.1385,-1.1385
4898,Algeria,3,3.0,4.0,3.8814,3.7847,-1.0,0.0966,-1.0966,2,4.0678,-2.0678
4978,Mozambique,3,4.0,7.0,2.5988,4.3714,-3.0,-1.7726,-1.2274,2,2.7928,-0.7928
2722,Cameroon,4,5.0,8.0,2.7955,4.5476,-3.0,-1.752,-1.248,4,3.4133,0.5867
4934,Gambia,3,2.0,7.0,2.5594,5.5264,-5.0,-2.967,-2.033,0,2.4166,-2.4166
4892,Guinea,5,4.0,6.0,5.3944,4.6851,-2.0,0.7093,-2.7093,4,4.8482,-0.8482
4921,Burkina Faso,4,4.0,6.0,4.8509,4.0637,-2.0,0.7872,-2.7872,4,4.216,-0.216
788,Morocco,4,5.0,3.0,7.8668,3.0028,2.0,4.864,-2.864,7,6.0331,0.9669
774,Egypt,4,7.0,7.0,6.2699,3.1364,0.0,3.1335,-3.1335,3,6.5095,-3.5095
4894,Guinea-Bissau,3,2.0,7.0,1.9155,3.4552,-5.0,-1.5397,-3.4603,0,2.7778,-2.7778
4980,Namibia,4,1.0,7.0,3.7055,5.353,-6.0,-1.6475,-4.3525,4,3.5821,0.4179
4881,Congo DR,7,6.0,5.0,11.3872,4.8332,1.0,6.554,-5.554,3,6.8666,-3.8666
